-- MySQL dump 10.13  Distrib 5.7.30, for Linux (x86_64)
--
-- Host: localhost    Database: demo37
-- ------------------------------------------------------
-- Server version	5.7.30-0ubuntu0.16.04.1

/*!40101 SET @OLD_CHARACTER_SET_CLIENT=@@CHARACTER_SET_CLIENT */;
/*!40101 SET @OLD_CHARACTER_SET_RESULTS=@@CHARACTER_SET_RESULTS */;
/*!40101 SET @OLD_COLLATION_CONNECTION=@@COLLATION_CONNECTION */;
/*!40101 SET NAMES utf8 */;
/*!40103 SET @OLD_TIME_ZONE=@@TIME_ZONE */;
/*!40103 SET TIME_ZONE='+00:00' */;
/*!40014 SET @OLD_UNIQUE_CHECKS=@@UNIQUE_CHECKS, UNIQUE_CHECKS=0 */;
/*!40014 SET @OLD_FOREIGN_KEY_CHECKS=@@FOREIGN_KEY_CHECKS, FOREIGN_KEY_CHECKS=0 */;
/*!40101 SET @OLD_SQL_MODE=@@SQL_MODE, SQL_MODE='NO_AUTO_VALUE_ON_ZERO' */;
/*!40111 SET @OLD_SQL_NOTES=@@SQL_NOTES, SQL_NOTES=0 */;

--
-- Table structure for table `app_categories`
--

DROP TABLE IF EXISTS `app_categories`;
/*!40101 SET @saved_cs_client     = @@character_set_client */;
/*!40101 SET character_set_client = utf8 */;
CREATE TABLE `app_categories` (
  `id` bigint(20) unsigned NOT NULL AUTO_INCREMENT,
  `name` varchar(255) COLLATE utf8mb4_unicode_ci NOT NULL,
  `status` enum('0','1') COLLATE utf8mb4_unicode_ci NOT NULL DEFAULT '1' COMMENT '0 => Inactive, 1 => Active',
  `created_at` timestamp NULL DEFAULT NULL,
  `updated_at` timestamp NULL DEFAULT NULL,
  PRIMARY KEY (`id`)
) ENGINE=InnoDB AUTO_INCREMENT=4 DEFAULT CHARSET=utf8mb4 COLLATE=utf8mb4_unicode_ci;
/*!40101 SET character_set_client = @saved_cs_client */;

--
-- Dumping data for table `app_categories`
--

LOCK TABLES `app_categories` WRITE;
/*!40000 ALTER TABLE `app_categories` DISABLE KEYS */;
INSERT INTO `app_categories` VALUES (1,'App Category 1','1','2020-05-20 08:34:29','2020-05-20 08:34:29'),(2,'App Category 2','1','2020-05-20 08:34:29','2020-05-20 08:34:29'),(3,'App Category 3','1','2020-05-20 08:34:29','2020-05-20 08:34:29');
/*!40000 ALTER TABLE `app_categories` ENABLE KEYS */;
UNLOCK TABLES;

--
-- Table structure for table `app_chatbot`
--

DROP TABLE IF EXISTS `app_chatbot`;
/*!40101 SET @saved_cs_client     = @@character_set_client */;
/*!40101 SET character_set_client = utf8 */;
CREATE TABLE `app_chatbot` (
  `app_id` bigint(20) unsigned NOT NULL,
  `chatbot_id` bigint(20) unsigned NOT NULL,
  KEY `app_chatbot_app_id_index` (`app_id`),
  KEY `app_chatbot_chatbot_id_index` (`chatbot_id`),
  CONSTRAINT `app_chatbot_app_id_foreign` FOREIGN KEY (`app_id`) REFERENCES `apps` (`id`) ON DELETE CASCADE,
  CONSTRAINT `app_chatbot_chatbot_id_foreign` FOREIGN KEY (`chatbot_id`) REFERENCES `chatbots` (`id`) ON DELETE CASCADE
) ENGINE=InnoDB DEFAULT CHARSET=utf8mb4 COLLATE=utf8mb4_unicode_ci;
/*!40101 SET character_set_client = @saved_cs_client */;

--
-- Dumping data for table `app_chatbot`
--

LOCK TABLES `app_chatbot` WRITE;
/*!40000 ALTER TABLE `app_chatbot` DISABLE KEYS */;
INSERT INTO `app_chatbot` VALUES (1,1),(2,1),(4,2),(4,3),(4,4),(4,5),(4,6),(2,7);
/*!40000 ALTER TABLE `app_chatbot` ENABLE KEYS */;
UNLOCK TABLES;

--
-- Table structure for table `app_resource`
--

DROP TABLE IF EXISTS `app_resource`;
/*!40101 SET @saved_cs_client     = @@character_set_client */;
/*!40101 SET character_set_client = utf8 */;
CREATE TABLE `app_resource` (
  `app_id` bigint(20) unsigned NOT NULL,
  `resource_id` bigint(20) unsigned NOT NULL,
  KEY `app_resource_app_id_index` (`app_id`),
  KEY `app_resource_resource_id_index` (`resource_id`),
  CONSTRAINT `app_resource_app_id_foreign` FOREIGN KEY (`app_id`) REFERENCES `apps` (`id`) ON DELETE CASCADE,
  CONSTRAINT `app_resource_resource_id_foreign` FOREIGN KEY (`resource_id`) REFERENCES `resources` (`id`) ON DELETE CASCADE
) ENGINE=InnoDB DEFAULT CHARSET=utf8mb4 COLLATE=utf8mb4_unicode_ci;
/*!40101 SET character_set_client = @saved_cs_client */;

--
-- Dumping data for table `app_resource`
--

LOCK TABLES `app_resource` WRITE;
/*!40000 ALTER TABLE `app_resource` DISABLE KEYS */;
INSERT INTO `app_resource` VALUES (1,1),(2,1),(3,1),(1,2),(1,4),(1,5),(1,6),(1,3),(2,3),(3,3),(4,3),(5,3);
/*!40000 ALTER TABLE `app_resource` ENABLE KEYS */;
UNLOCK TABLES;

--
-- Table structure for table `app_sub_categories`
--

DROP TABLE IF EXISTS `app_sub_categories`;
/*!40101 SET @saved_cs_client     = @@character_set_client */;
/*!40101 SET character_set_client = utf8 */;
CREATE TABLE `app_sub_categories` (
  `id` bigint(20) unsigned NOT NULL AUTO_INCREMENT,
  `name` varchar(255) COLLATE utf8mb4_unicode_ci NOT NULL,
  `category_id` bigint(20) unsigned NOT NULL,
  `status` enum('0','1') COLLATE utf8mb4_unicode_ci NOT NULL DEFAULT '1' COMMENT '0 => Inactive, 1 => Active',
  `created_at` timestamp NULL DEFAULT NULL,
  `updated_at` timestamp NULL DEFAULT NULL,
  PRIMARY KEY (`id`),
  KEY `app_sub_categories_category_id_index` (`category_id`),
  CONSTRAINT `app_sub_categories_category_id_foreign` FOREIGN KEY (`category_id`) REFERENCES `app_categories` (`id`) ON DELETE CASCADE
) ENGINE=InnoDB AUTO_INCREMENT=7 DEFAULT CHARSET=utf8mb4 COLLATE=utf8mb4_unicode_ci;
/*!40101 SET character_set_client = @saved_cs_client */;

--
-- Dumping data for table `app_sub_categories`
--

LOCK TABLES `app_sub_categories` WRITE;
/*!40000 ALTER TABLE `app_sub_categories` DISABLE KEYS */;
INSERT INTO `app_sub_categories` VALUES (1,'App Sub Category 1',1,'1','2020-05-20 08:34:29','2020-05-20 08:34:29'),(2,'App Sub Category 2',1,'1','2020-05-20 08:34:29','2020-05-20 08:34:29'),(3,'App Sub Category 3',2,'1','2020-05-20 08:34:29','2020-05-20 08:34:29'),(4,'App Sub Category 4',2,'1','2020-05-20 08:34:29','2020-05-20 08:34:29'),(5,'App Sub Category 5',3,'1','2020-05-20 08:34:29','2020-05-20 08:34:29'),(6,'App Sub Category 6',3,'1','2020-05-20 08:34:29','2020-05-20 08:34:29');
/*!40000 ALTER TABLE `app_sub_categories` ENABLE KEYS */;
UNLOCK TABLES;

--
-- Table structure for table `apps`
--

DROP TABLE IF EXISTS `apps`;
/*!40101 SET @saved_cs_client     = @@character_set_client */;
/*!40101 SET character_set_client = utf8 */;
CREATE TABLE `apps` (
  `id` bigint(20) unsigned NOT NULL AUTO_INCREMENT,
  `name` varchar(255) COLLATE utf8mb4_unicode_ci NOT NULL,
  `package_name` varchar(255) COLLATE utf8mb4_unicode_ci NOT NULL,
  `operator_name` varchar(255) COLLATE utf8mb4_unicode_ci NOT NULL,
  `operator_email` varchar(255) COLLATE utf8mb4_unicode_ci NOT NULL,
  `category_id` bigint(20) unsigned NOT NULL,
  `sub_category_id` bigint(20) unsigned NOT NULL,
  `keywords` text COLLATE utf8mb4_unicode_ci,
  `phrases` text COLLATE utf8mb4_unicode_ci,
  `public_api_key` varchar(15) COLLATE utf8mb4_unicode_ci NOT NULL,
  `logo` varchar(255) COLLATE utf8mb4_unicode_ci DEFAULT NULL,
  `created_by` bigint(20) unsigned NOT NULL,
  `last_updated_by` bigint(20) unsigned DEFAULT NULL,
  `status` enum('0','1') COLLATE utf8mb4_unicode_ci NOT NULL DEFAULT '1' COMMENT '0 => Inactive, 1 => Active',
  `created_at` timestamp NULL DEFAULT NULL,
  `updated_at` timestamp NULL DEFAULT NULL,
  PRIMARY KEY (`id`),
  KEY `apps_category_id_index` (`category_id`),
  KEY `apps_sub_category_id_index` (`sub_category_id`),
  KEY `apps_created_by_index` (`created_by`),
  KEY `apps_last_updated_by_index` (`last_updated_by`),
  CONSTRAINT `apps_category_id_foreign` FOREIGN KEY (`category_id`) REFERENCES `app_categories` (`id`) ON DELETE CASCADE,
  CONSTRAINT `apps_created_by_foreign` FOREIGN KEY (`created_by`) REFERENCES `users` (`id`) ON DELETE CASCADE,
  CONSTRAINT `apps_last_updated_by_foreign` FOREIGN KEY (`last_updated_by`) REFERENCES `users` (`id`) ON DELETE CASCADE,
  CONSTRAINT `apps_sub_category_id_foreign` FOREIGN KEY (`sub_category_id`) REFERENCES `app_sub_categories` (`id`) ON DELETE CASCADE
) ENGINE=InnoDB AUTO_INCREMENT=6 DEFAULT CHARSET=utf8mb4 COLLATE=utf8mb4_unicode_ci;
/*!40101 SET character_set_client = @saved_cs_client */;

--
-- Dumping data for table `apps`
--

LOCK TABLES `apps` WRITE;
/*!40000 ALTER TABLE `apps` DISABLE KEYS */;
INSERT INTO `apps` VALUES (1,'App1','com.app1.package','op','op@test.com',1,1,'key1','phr1','JCPW4iNd','1589983717.jpg',1,1,'1','2020-05-20 08:38:37','2020-06-03 01:45:19'),(2,'App2','com.app2.package','op','op@test.com',2,4,'key','phr','HXZTZaAM','1589983778.jpg',1,NULL,'1','2020-05-20 08:39:38','2020-05-20 08:39:38'),(3,'TestApp','com.test.app','TestApp','testapp@test.com',1,2,'News','Reports','SmFZifAn','1590144237.jpg',1,NULL,'1','2020-05-22 05:13:57','2020-05-22 05:13:57'),(4,'Intelli Testnet','1-alpha','Kamea','kamea@intelli-network.com',1,2,'crime, health, news, school, cybercrime','police, firefighters, ambulance, military','lPa2LSL2','1590181976.png',1,NULL,'1','2020-05-22 15:42:56','2020-05-22 15:42:56'),(5,'Intelli Testnet','1-alpha','Kamea','kamea@intelli-network.com',1,2,'crime, health, news, school, cybercrime','police, firefighters, ambulance, military','17dj9ZMj','1590181978.png',1,NULL,'1','2020-05-22 15:42:58','2020-05-22 15:42:58');
/*!40000 ALTER TABLE `apps` ENABLE KEYS */;
UNLOCK TABLES;

--
-- Table structure for table `chatbot_request_history`
--

DROP TABLE IF EXISTS `chatbot_request_history`;
/*!40101 SET @saved_cs_client     = @@character_set_client */;
/*!40101 SET character_set_client = utf8 */;
CREATE TABLE `chatbot_request_history` (
  `id` bigint(20) unsigned NOT NULL AUTO_INCREMENT,
  `sender_id` varchar(200) COLLATE utf8mb4_unicode_ci NOT NULL,
  `sender_lat` varchar(255) COLLATE utf8mb4_unicode_ci NOT NULL,
  `sender_lng` varchar(255) COLLATE utf8mb4_unicode_ci NOT NULL,
  `bot_category` varchar(255) COLLATE utf8mb4_unicode_ci NOT NULL,
  `bot_sub_category` varchar(255) COLLATE utf8mb4_unicode_ci NOT NULL,
  `request_message` text COLLATE utf8mb4_unicode_ci NOT NULL,
  `bot_response` text COLLATE utf8mb4_unicode_ci NOT NULL,
  `created_at` timestamp NULL DEFAULT NULL,
  `updated_at` timestamp NULL DEFAULT NULL,
  PRIMARY KEY (`id`),
  KEY `chatbot_request_history_sender_id_index` (`sender_id`)
) ENGINE=InnoDB AUTO_INCREMENT=665 DEFAULT CHARSET=utf8mb4 COLLATE=utf8mb4_unicode_ci;
/*!40101 SET character_set_client = @saved_cs_client */;

--
-- Dumping data for table `chatbot_request_history`
--

LOCK TABLES `chatbot_request_history` WRITE;
/*!40000 ALTER TABLE `chatbot_request_history` DISABLE KEYS */;
INSERT INTO `chatbot_request_history` VALUES (1,'1','28.4595','77.0266','Police','sub cat','Hi','Hello','2020-06-15 03:01:56','2020-06-15 03:01:56'),(2,'adityaxx','20.000','70.0000','crime','bullying','hey','Thank you for reporting the bullying problem. Do you have any more details regarding this issue ?','2020-06-17 06:38:28','2020-06-17 06:38:28'),(3,'adityaxx','20.000','70.0000','crime','bullying','hi','Thank you for reporting the bullying. Do you have any more information to share about the incident ?','2020-06-17 07:20:57','2020-06-17 07:20:57'),(4,'adityaxx','20.000','70.0000','crime','bullying','yes','What type of information would you like to share? You can say text or image.','2020-06-17 07:21:05','2020-06-17 07:21:05'),(5,'adityaxx','20.000','70.0000','crime','bullying','text','Thank you for the text. Would you like to discuss this incident with a relevant authority?','2020-06-17 07:21:12','2020-06-17 07:21:12'),(6,'adityaxx','20.000','70.0000','crime','bullying','yes','Thank you. I see your report was for the city of Veraval,Gujarat,IN. Who would you like to speak to? You can say the police, news reporters, or the city council.','2020-06-17 07:21:29','2020-06-17 07:21:29'),(7,'adityaxx','28.4595','77.0266','crime','bullying','the police','Thank you. Here are the details for police in the location of Gurgaon,Haryana,IN.','2020-06-17 07:22:28','2020-06-17 07:22:28'),(8,'adityx','28.4595','77.0266','crime','bullying','hi','Thank you for reporting the bullying. Do you have any more information to share about the incident ?','2020-06-17 07:57:35','2020-06-17 07:57:35'),(9,'adityx','28.4595','77.0266','crime','bullying','yes','What type of information would you like to share? You can say text or image.','2020-06-17 07:57:43','2020-06-17 07:57:43'),(10,'adityx','28.4595','77.0266','crime','bullying','text','Thank you for the text. Would you like to discuss this incident with a relevant authority?','2020-06-17 07:57:47','2020-06-17 07:57:47'),(11,'adityx','28.4595','77.0266','crime','bullying','yes','Thank you. I see your report was for the city of Gurgaon,Haryana,IN. Who would you like to speak to? You can say the police, news reporters, or the city council.','2020-06-17 07:57:54','2020-06-17 07:57:54'),(12,'adityx','28.4595','77.0266','crime','bullying','the police','Thank you. Here are the details for police in the location of Gurgaon,Haryana,IN.','2020-06-17 07:58:00','2020-06-17 07:58:00'),(13,'adityo','28.4595','77.0266','crime','bullying','hi','Thank you for reporting the bullying. Do you have any more information to share about the incident ?','2020-06-17 07:59:43','2020-06-17 07:59:43'),(14,'adityo','28.4595','77.0266','crime','bullying','yes','What type of information would you like to share? You can say text or image.','2020-06-17 07:59:49','2020-06-17 07:59:49'),(15,'adityo','28.4595','77.0266','crime','bullying','text','Thank you for the text. Would you like to discuss this incident with a relevant authority?','2020-06-17 07:59:55','2020-06-17 07:59:55'),(16,'adityo','28.4595','77.0266','crime','bullying','yes','Thank you. I see your report was for the city of Gurgaon,Haryana,IN. Who would you like to speak to? You can say the police, news reporters, or the city council.','2020-06-17 08:00:07','2020-06-17 08:00:07'),(17,'adityo','28.4595','77.0266','crime','bullying','the police','Thank you. Here are the details for police in the location of Gurgaon,Haryana,IN. Name: G Police Email Address: gp@test.com','2020-06-17 08:00:13','2020-06-17 08:00:13'),(18,'adityo','28.4595','77.0266','crime','bullying','thanks','Thank you for reporting the bullying. Do you have any more information to share about the incident ?','2020-06-17 08:00:22','2020-06-17 08:00:22'),(19,'adiyo','28.4595','77.0266','crime','bullying','hey','Thank you for reporting the bullying. Do you have any more information to share about the incident ?','2020-06-17 08:18:04','2020-06-17 08:18:04'),(20,'daaman','70.9000','30.5000','news','political','yes','Thank you for reporting the political news. Do you have any more information or evidence regarding this news story ?','2020-06-17 21:55:56','2020-06-17 21:55:56'),(21,'sendername','20.000','70.000','school','rude teacher','hi','Thank you for reporting the rude teacher problem. Do you have any more details regarding this issue ?','2020-06-18 01:23:06','2020-06-18 01:23:06'),(22,'sendername','20.000','70.000','school','rude teacher','yes i do','Okay. Please share a relevant image or any other details.','2020-06-18 01:23:41','2020-06-18 01:23:41'),(23,'sendername','20.000','70.000','school','rude teacher','info shared','Thank you. Would you like us to find you a school authority to speak to?','2020-06-18 01:24:04','2020-06-18 01:24:04'),(24,'sendername','20.000','70.000','school','rude teacher','yes','Which resource do you think would be best to resolve this issue ?','2020-06-18 01:24:11','2020-06-18 01:24:11'),(25,'sendername','20.000','70.000','school','rude teacher','the principal','Thank you. Here are the details for principal in the location of Veraval,Gujarat,IN.','2020-06-18 01:24:27','2020-06-18 01:24:27'),(26,'aditya','20.000','70.000','school','rude teacher','hi','Thank you for reporting the rude teacher problem. Do you have any more details regarding this issue ?','2020-06-18 01:29:50','2020-06-18 01:29:50'),(27,'adityo','20.000','70.000','school','rude teacher','hello','Thank you for reporting the rude teacher problem. Do you have any more details regarding this issue ?','2020-06-18 01:52:33','2020-06-18 01:52:33'),(28,'adityo','20.000','70.000','school','rude teacher','yes','Okay. Please share with us a written report or an image.','2020-06-18 01:52:40','2020-06-18 01:52:40'),(29,'adityo','20.000','70.000','school','rude teacher','info shared','Thank you. Would you like us to find you a school authority to speak to?','2020-06-18 01:53:11','2020-06-18 01:53:11'),(30,'adityo','20.000','70.000','school','rude teacher','yes','Which resource do you think would be best to resolve this issue ?','2020-06-18 01:53:20','2020-06-18 01:53:20'),(31,'adit','20.000','70.000','school','rude teacher','hi','Thank you for reporting the rude teacher problem. Do you have any more details regarding this issue ?','2020-06-18 01:56:01','2020-06-18 01:56:01'),(32,'adit','20.000','70.000','school','rude teacher','yes i do','Okay. Please share with us a written report or an image.','2020-06-18 01:56:07','2020-06-18 01:56:07'),(33,'adit','20.000','70.000','school','rude teacher','info shared','Thank you. Would you like us to find you a school authority to speak to?','2020-06-18 01:56:32','2020-06-18 01:56:32'),(34,'adit','20.000','70.000','school','rude teacher','yes','Which resource do you think would be best to resolve this issue ? You may say the principal, superintendant or the school board.','2020-06-18 01:56:40','2020-06-18 01:56:40'),(35,'adit','20.000','70.000','school','rude teacher','the principal','I\'m sorry, I couldn\'t find the particular resource for your given area. We will continue to broadcast your report on the network.','2020-06-18 01:56:51','2020-06-18 01:56:51'),(36,'adit','20.000','70.000','school','rude teacher','hey','Ok. Let me know if you need any more assistance.','2020-06-18 02:03:36','2020-06-18 02:03:36'),(37,'adit','20.000','70.000','school','rude teacher','hey','Thank you for reporting the rude teacher problem. Do you have any more details regarding this issue ?','2020-06-18 02:03:42','2020-06-18 02:03:42'),(38,'adit','20.000','70.000','school','rude teacher','yes','Okay. Please share with us a written report or an image.','2020-06-18 02:03:58','2020-06-18 02:03:58'),(39,'adi','20.000','70.000','school','rude teacher','hi','Thank you for reporting the rude teacher problem. Do you have any more details regarding this issue ?','2020-06-18 02:05:55','2020-06-18 02:05:55'),(40,'adi','20.000','70.000','school','rude teacher','yes','Okay. Please share with us a written report or an image.','2020-06-18 02:05:59','2020-06-18 02:05:59'),(41,'ai','20.000','70.000','school','rude teacher','hi','Thank you for reporting the rude teacher problem. Do you have any more details regarding this issue ?','2020-06-18 02:08:38','2020-06-18 02:08:38'),(42,'ai','20.000','70.000','school','rude teacher','yes','Okay. Please share with us a written report or an image.','2020-06-18 02:08:45','2020-06-18 02:08:45'),(43,'aditya','20.000','70.000','school','rude teacher','hi','Thank you for reporting the rude teacher problem. Do you have any more details regarding this issue ?','2020-06-18 02:38:26','2020-06-18 02:38:26'),(44,'aditya','20.000','70.000','school','rude teacher','yes','Okay. Please share with us a written report or an image.','2020-06-18 02:38:34','2020-06-18 02:38:34'),(45,'adityaxs','20.000','70.000','school','rude teacher','hey','Thank you for reporting the rude teacher problem. Do you have any more details regarding this issue ?','2020-06-18 02:43:09','2020-06-18 02:43:09'),(46,'adityaxs','20.000','70.000','school','rude teacher','yes','Okay. Please share with us a written report or an image.','2020-06-18 02:43:14','2020-06-18 02:43:14'),(47,'adityayy','20.000','70.000','school','rude teacher','hi','Thank you for reporting the rude teacher problem. Do you have any more details regarding this issue ?','2020-06-18 02:49:45','2020-06-18 02:49:45'),(48,'adityayy','20.000','70.000','school','rude teacher','yes','Okay. Please share with us a written report or an image.','2020-06-18 02:49:51','2020-06-18 02:49:51'),(49,'adityayy','20.000','70.000','school','rude teacher','the teacher had been very rude','Thank you. Would you like us to find you a school authority to speak to?','2020-06-18 02:49:59','2020-06-18 02:49:59'),(50,'adityayy','20.000','70.000','school','rude teacher','no','Thank you. Would you like us to find you a school authority to speak to?','2020-06-18 02:54:28','2020-06-18 02:54:28'),(51,'adityayy','20.000','70.000','school','rude teacher','no','Thank you. Would you like us to find you a school authority to speak to?','2020-06-18 02:54:42','2020-06-18 02:54:42'),(52,'adityayyo','20.000','70.000','school','rude teacher','hi','Thank you for reporting the rude teacher problem. Do you have any more details regarding this issue ?','2020-06-18 03:04:10','2020-06-18 03:04:10'),(53,'adityayyo','20.000','70.000','school','rude teacher','yes','Okay. Please share with us a written report or an image.','2020-06-18 03:04:16','2020-06-18 03:04:16'),(54,'ado','20.000','70.000','school','rude teacher','hey','Thank you for reporting the rude teacher problem. Do you have any more details regarding this issue ?','2020-06-18 03:08:07','2020-06-18 03:08:07'),(55,'ado','20.000','70.000','school','rude teacher','yes','Okay. Please share with us a written report or an image.','2020-06-18 03:08:13','2020-06-18 03:08:13'),(56,'ad','20.000','70.000','school','rude teacher','hey','Thank you for reporting the rude teacher problem. Do you have any more details regarding this issue ?','2020-06-18 03:09:12','2020-06-18 03:09:12'),(57,'ad','20.000','70.000','school','rude teacher','yes','Okay. Please share with us a written report or an image.','2020-06-18 03:09:17','2020-06-18 03:09:17'),(58,'johar','20.000','70.000','school','rude teacher','hi','Thank you for reporting the rude teacher problem. Do you have any more details regarding this issue ?','2020-06-18 03:10:24','2020-06-18 03:10:24'),(59,'johar','20.000','70.000','school','rude teacher','yes','Okay. Please share with us a written report or an image.','2020-06-18 03:10:33','2020-06-18 03:10:33'),(60,'joharx','20.000','70.000','school','rude teacher','hey','Thank you for reporting the rude teacher problem. Do you have any more details regarding this issue ?','2020-06-18 03:11:22','2020-06-18 03:11:22'),(61,'joharx','20.000','70.000','school','rude teacher','yes','Okay. Please share with us a written report or an image.','2020-06-18 03:11:28','2020-06-18 03:11:28'),(62,'joharxx','20.000','70.000','school','rude teacher','hi','Thank you for reporting the rude teacher problem. Do you have any more details regarding this issue ?','2020-06-18 03:14:40','2020-06-18 03:14:40'),(63,'joharxx','20.000','70.000','school','rude teacher','yes','Okay. Please share with us a written report or an image.','2020-06-18 03:14:46','2020-06-18 03:14:46'),(64,'joharxx','20.000','70.000','school','rude teacher','hi','Thank you for reporting the rude teacher problem. Do you have any more details regarding this issue ?','2020-06-18 04:21:42','2020-06-18 04:21:42'),(65,'joharxx','20.000','70.000','school','rude teacher','yes','Okay. Please share with us a written report or an image.','2020-06-18 04:21:48','2020-06-18 04:21:48'),(66,'joharxx','20.000','70.000','school','rude teacher','here are the details','Thank you for the information. Would you like us to find you a school authority to speak to?','2020-06-18 04:21:54','2020-06-18 04:21:54'),(67,'joharxx','20.000','70.000','school','rude teacher','yes i would','Thank you for the information. Would you like us to find you a school authority to speak to?','2020-06-18 04:22:35','2020-06-18 04:22:35'),(68,'joharx','20.000','70.000','school','rude teacher','hi','Thank you for reporting the rude teacher problem. Do you have any more details regarding this issue ?','2020-06-18 04:31:09','2020-06-18 04:31:09'),(69,'joharx','20.000','70.000','school','rude teacher','yes','Okay. Please share with us a written report or an image.','2020-06-18 04:31:14','2020-06-18 04:31:14'),(70,'joharx','20.000','70.000','school','rude teacher','here are the details','Thank you for the information. Would you like us to find you a school authority to speak to?','2020-06-18 04:31:21','2020-06-18 04:31:21'),(71,'johar2','20.000','70.000','school','rude teacher','hi','Thank you for reporting the rude teacher problem. Do you have any more details regarding this issue ?','2020-06-18 04:32:25','2020-06-18 04:32:25'),(72,'johar2','20.000','70.000','school','rude teacher','yes','Okay. Please share with us a written report or an image.','2020-06-18 04:32:31','2020-06-18 04:32:31'),(73,'johar2','20.000','70.000','school','rude teacher','here are the details','Thank you for the information. Would you like us to find you a school authority to speak to?','2020-06-18 04:32:39','2020-06-18 04:32:39'),(74,'johar2','28.4595','77.0266','crime','carjacking','hey','Thank you for reporting the carjacking. Do you have any more information to share about the incident ?','2020-06-18 07:34:52','2020-06-18 07:34:52'),(75,'johar2','28.4595','77.0266','crime','carjacking','yes','Okay. Please share with us a written report or an image.','2020-06-18 07:34:58','2020-06-18 07:34:58'),(76,'aditya','28.4595','77.0266','crime','carjacking','hey','Thank you for reporting the carjacking. Do you have any more information to share about the incident ?','2020-06-18 07:38:14','2020-06-18 07:38:14'),(77,'aditya','28.4595','77.0266','crime','carjacking','yes','Okay. Please share with us a written report or an image.','2020-06-18 07:38:19','2020-06-18 07:38:19'),(78,'aditya','28.4595','77.0266','crime','carjacking','info shared','Thank you for the information. Would you like to discuss this incident with a relevant authority?','2020-06-18 07:38:24','2020-06-18 07:38:24'),(79,'aditya','28.4595','77.0266','crime','carjacking','yes','Thank you. I see your report was for the city of Gurgaon,Haryana,IN. Who would you like to speak to? You can say the police, news reporters, or the city council.','2020-06-18 07:38:34','2020-06-18 07:38:34'),(80,'aditya','28.4595','77.0266','crime','carjacking','the police','I\'m sorry, I couldn\'t find the particular resource for your given area. We will continue to broadcast your report on the network.','2020-06-18 07:38:41','2020-06-18 07:38:41'),(81,'adityax','28.4595','77.0266','crime','carjacking','hey','Thank you for reporting the carjacking. Do you have any more information to share about the incident ?','2020-06-18 07:41:06','2020-06-18 07:41:06'),(82,'adityax','28.4595','77.0266','crime','carjacking','yes','Okay. Please share with us a written report or an image.','2020-06-18 07:41:42','2020-06-18 07:41:42'),(83,'adityax','28.4595','77.0266','crime','carjacking','info shared','Thank you for the information. Would you like to discuss this incident with a relevant authority?','2020-06-18 07:41:54','2020-06-18 07:41:54'),(84,'adityax','28.4595','77.0266','crime','carjacking','yes','Thank you. I see your report was for the city of Gurgaon,Haryana,IN. Who would you like to speak to? You can say the police, news reporters, or the city council.','2020-06-18 07:42:13','2020-06-18 07:42:13'),(85,'adityax','28.4595','77.0266','crime','carjacking','the police','Thank you. Here are the details for police in the location of Gurgaon,Haryana,IN. Name: G Police Email Address: gp@test.com','2020-06-18 07:42:20','2020-06-18 07:42:20'),(86,'johar','20.0000','70.0000','crime','carjacking','hi','Thank you for reporting the carjacking. Do you have any more information to share about the incident ?','2020-06-18 08:13:50','2020-06-18 08:13:50'),(87,'johar','20.0000','70.0000','crime','carjacking','yes','Okay. Please share with us a written report or an image.','2020-06-18 08:13:58','2020-06-18 08:13:58'),(88,'johar','20.0000','70.0000','crime','carjacking','info shared','Thank you for the information. Would you like to discuss this incident with a relevant authority?','2020-06-18 08:14:05','2020-06-18 08:14:05'),(89,'johar','28.4595','77.0266','crime','carjackin','yes','Thank you. I see your report was for the city of Gurgaon,Haryana,IN. Who would you like to speak to? You can say the police, news reporters, or the city council.','2020-06-18 08:15:29','2020-06-18 08:15:29'),(90,'johar','28.4595','77.0266','crime','carjacking','the poice','Thank you. Here are the details for police in the location of Gurgaon,Haryana,IN. Name: G Police Email Address: gp@test.com','2020-06-18 08:15:40','2020-06-18 08:15:40'),(91,'ax','28.4595','77.0266','crime','carjacking','hey','Thank you for reporting the carjacking. Do you have any more information to share about the incident ?','2020-06-18 08:57:11','2020-06-18 08:57:11'),(92,'adityajohar','28.4595','77.0266','crime','robbery','hey','Thank you for reporting the robbery. Do you have any more information to share about the incident ?','2020-06-18 10:13:41','2020-06-18 10:13:41'),(93,'adityajohar','28.4595','77.0266','crime','robbery','yes i do','Okay. Please share with us a written report or an image.','2020-06-18 10:14:24','2020-06-18 10:14:24'),(94,'adityajohar','28.4595','77.0266','crime','robbery','info shared','Thank you for the information. Would you like to discuss this incident with a relevant authority?','2020-06-18 10:16:33','2020-06-18 10:16:33'),(95,'adityajohar','28.4595','77.0266','crime','robbery','yes i do','Thank you. I see your report was for the city of Gurgaon,Haryana,IN. Who would you like to speak to? You can say the police, news reporters, or the city council.','2020-06-18 10:17:02','2020-06-18 10:17:02'),(96,'adityajohar','28.4595','77.0266','crime','robbery','the police','Thank you. Here are the details for police in the location of Gurgaon,Haryana,IN. Name: G Police Email Address: gp@test.com','2020-06-18 10:17:47','2020-06-18 10:17:47'),(97,'adityajohar','28.4595','77.0266','crime','theft','hey','Thank you for reporting the theft. Do you have any more information to share about the incident ?','2020-06-19 01:22:24','2020-06-19 01:22:24'),(98,'adityajohar','28.4595','77.0266','crime','theft','yes i do','Okay. Please share with us a written report or an image.','2020-06-19 01:22:55','2020-06-19 01:22:55'),(99,'adityajohar','28.4595','77.0266','crime','theft','info shared','Thank you for the information. Would you like to discuss this incident with a relevant authority?','2020-06-19 01:23:43','2020-06-19 01:23:43'),(100,'adityajohar','28.4595','77.0266','crime','theft','yes i do','Thank you. I see your report was for the city of Gurgaon,Haryana,IN. Who would you like to speak to? You can say the police, news reporters, or the city council.','2020-06-19 01:24:01','2020-06-19 01:24:01'),(101,'adityajohar','28.4595','77.0266','crime','theft','the police','Thank you. Here are the details for police in the location of Gurgaon,Haryana,IN. Name: G Police Email Address: gp@test.com','2020-06-19 01:24:23','2020-06-19 01:24:23'),(102,'adityax','28.4595','77.0266','crime','carjacking','chat trigger','Thank you for reporting the carjacking. Do you have any more information to share about the incident ?','2020-06-19 06:24:04','2020-06-19 06:24:04'),(103,'adityax','28.4595','77.0266','crime','carjacking','yes','Okay. Please share with us a written report or an image.','2020-06-19 06:24:16','2020-06-19 06:24:16'),(104,'adityo','28.4595','77.0266','crime','carjacking','trigger chat','Thank you for reporting the carjacking. Do you have any more information to share about the incident ?','2020-06-19 06:27:56','2020-06-19 06:27:56'),(105,'adityo','28.4595','77.0266','crime','carjacking','yes i do','Okay. Please share with us a written report or an image.','2020-06-19 06:28:04','2020-06-19 06:28:04'),(106,'adityo','28.4595','77.0266','crime','carjacking','info shared','Thank you for the information. Would you like to discuss this incident with a relevant authority?','2020-06-19 06:28:14','2020-06-19 06:28:14'),(107,'adityaj','28.4595','77.0266','crime','carjacking','trigger chat','Thank you for reporting the carjacking. Do you have any more information to share about the incident ?','2020-06-19 06:28:44','2020-06-19 06:28:44'),(108,'adityaj','28.4595','77.0266','crime','carjacking','yes','Okay. Please share with us a written report or an image.','2020-06-19 06:28:50','2020-06-19 06:28:50'),(109,'adityaj','28.4595','77.0266','crime','carjacking','info shared','Thank you for the information. Would you like to discuss this incident with a relevant authority?','2020-06-19 06:29:00','2020-06-19 06:29:00'),(110,'adityaj','28.4595','77.0266','crime','carjacking','yes','Thank you. I see your report was for the city of Gurgaon,Haryana,IN. Who would you like to speak to? You can say the police, news reporters, or the city council.','2020-06-19 06:29:14','2020-06-19 06:29:14'),(111,'adityaj','28.4595','77.0266','crime','carjacking','the police','I\'m sorry, I couldn\'t find the particular resource for your given area. We will continue to broadcast your report on the network.','2020-06-19 06:31:58','2020-06-19 06:31:58'),(112,'adityajo','28.4595','77.0266','crime','robbery','trigger chat','Thank you for reporting the robbery. Do you have any more information to share about the incident ?','2020-06-19 06:43:08','2020-06-19 06:43:08'),(113,'adityajo','28.4595','77.0266','crime','robbery','yes','Okay. Please share with us a written report or an image.','2020-06-19 06:43:15','2020-06-19 06:43:15'),(114,'adityajo','28.4595','77.0266','crime','robbery','info shared','Thank you for the information. Would you like to discuss this incident with a relevant authority?','2020-06-19 06:43:21','2020-06-19 06:43:21'),(115,'adityajo','28.4595','77.0266','crime','robbery','yes','Thank you. I see your report was for the city of Gurgaon,Haryana,IN. Who would you like to speak to? You can say the police, news reporters, or the city council.','2020-06-19 06:43:29','2020-06-19 06:43:29'),(116,'adityajo','28.4595','77.0266','crime','robbery','the police','Thank you. Here are the details for Police in the location of Gurgaon,Haryana,IN. Name: G Police Email Address: gp@test.com. Thank you for your time !','2020-06-19 06:43:37','2020-06-19 06:43:37'),(117,'adityajohar','28.4595','77.0266','crime','robbery','trigger chat','Thank you for reporting the robbery. Do you have any more information to share about the incident ?','2020-06-19 06:48:09','2020-06-19 06:48:09'),(118,'adityajohar','28.4595','77.0266','crime','robbery','yes','Okay. Please share with us a written report or an image.','2020-06-19 06:48:15','2020-06-19 06:48:15'),(119,'adityajohar','28.4595','77.0266','crime','robbery','info shared','Thank you for the information. Would you like to discuss this incident with a relevant authority?','2020-06-19 06:48:37','2020-06-19 06:48:37'),(120,'adityajohar','28.4595','77.0266','crime','robbery','yes','Thank you. I see your report was for the city of Gurgaon,Haryana,IN. Who would you like to speak to? You can say the police, news reporters, or the city council.','2020-06-19 06:48:48','2020-06-19 06:48:48'),(121,'adityajohar','28.4595','77.0266','crime','robbery','the police','Thank you. Here are the details for Police in the location of Gurgaon,Haryana,IN. Name: G Police Email Address: gp@test.com. Thank you for your time !','2020-06-19 06:48:54','2020-06-19 06:48:54'),(122,'adityajohar','28.4595','77.0266','crime','robbery','trigger chat','Thank you for reporting the robbery. Do you have any more information to share about the incident ?','2020-06-19 06:49:09','2020-06-19 06:49:09'),(123,'adityajohar','28.4595','77.0266','crime','theft','trigger chat','Thank you for reporting the theft. Do you have any more information to share about the incident ?','2020-06-19 07:19:13','2020-06-19 07:19:13'),(124,'adityajohar','28.4595','77.0266','crime','theft','yes i do','Okay. Please share with us a written report or an image.','2020-06-19 07:19:21','2020-06-19 07:19:21'),(125,'adityajohar','28.4595','77.0266','crime','theft','info shared','Thank you for the information. Would you like to discuss this incident with a relevant authority?','2020-06-19 07:19:28','2020-06-19 07:19:28'),(126,'adityajohar','28.4595','77.0266','crime','theft','yes','Thank you. I see your report was for the city of Gurgaon,Haryana,IN. Who would you like to speak to? You can say the police, news reporters, or the city council.','2020-06-19 07:19:36','2020-06-19 07:19:36'),(127,'adityajohar','28.4595','77.0266','crime','theft','the police','Thank you. Here are the details for Police in the location of Gurgaon,Haryana,IN. Name: G Police Email Address: gp@test.com. Thank you for your time !','2020-06-19 07:19:44','2020-06-19 07:19:44'),(128,'adityajohar','28.4595','77.0266','crime','theft','trigger chat','Thank you for reporting the theft. Do you have any more information to share about the incident ?','2020-06-19 07:21:49','2020-06-19 07:21:49'),(129,'adit','28.4595','77.0266','crime','theft','trigger chat','Thank you for reporting the theft. Do you have any more information to share about the incident ?','2020-06-19 09:02:46','2020-06-19 09:02:46'),(130,'daaman','70.9000','30.5000','city','accident','chat trigger','Thank you for reporting the accident incident. Are you in any danger ?','2020-06-22 00:43:54','2020-06-22 00:43:54'),(131,'daaman','70.9000','30.5000','city','accident','no','Thank you. Do you have any more information regarding this incident?','2020-06-22 00:44:18','2020-06-22 00:44:18'),(132,'daaman','70.9000','30.5000','city','accident','yes','Okay. Please share an image or write us the details of the incident.','2020-06-22 00:44:26','2020-06-22 00:44:26'),(133,'daaman','70.9000','30.5000','city','accident','info shared','Thank you. Who do you think should respond to this incident?','2020-06-22 00:44:52','2020-06-22 00:44:52'),(134,'daaman','70.9000','30.5000','city','accident','chat trigger','Thank you for reporting the accident incident. Are you in any danger ?','2020-06-22 00:46:31','2020-06-22 00:46:31'),(135,'daaman','70.9000','30.5000','city','accident','no','Thank you. Do you have any more information regarding this incident?','2020-06-22 00:46:54','2020-06-22 00:46:54'),(136,'daaman','70.9000','30.5000','city','accident','yes','Okay. Please share an image or write us the details of the incident.','2020-06-22 00:47:07','2020-06-22 00:47:07'),(137,'daaman','70.9000','30.5000','city','accident','info shared','Thank you. Who do you think should respond to this incident?','2020-06-22 00:47:31','2020-06-22 00:47:31'),(138,'daaman','70.9000','30.5000','city','accident','chat trigger','Thank you for reporting the accident incident. Are you in any danger ?','2020-06-22 00:49:41','2020-06-22 00:49:41'),(139,'daaman','70.9000','30.5000','city','accident','no','Thank you. Do you have any more information regarding this incident?','2020-06-22 00:49:52','2020-06-22 00:49:52'),(140,'daaman','70.9000','30.5000','city','accident','yes','Okay. Please share an image or write us the details of the incident.','2020-06-22 00:50:05','2020-06-22 00:50:05'),(141,'daaman','70.9000','30.5000','city','accident','info shared','Thank you. Who do you think should respond to this incident?','2020-06-22 00:50:19','2020-06-22 00:50:19'),(142,'daaman','70.9000','30.5000','city','accident','chat trigger','Thank you for reporting the accident incident. Are you in any danger ?','2020-06-22 00:52:47','2020-06-22 00:52:47'),(143,'daaman','70.9000','30.5000','city','accident','no','Thank you. Do you have any more information regarding this incident?','2020-06-22 00:52:57','2020-06-22 00:52:57'),(144,'daaman','70.9000','30.5000','city','accident','yes','Okay. Please share an image or write us the details of the incident.','2020-06-22 00:53:05','2020-06-22 00:53:05'),(145,'daaman','70.9000','30.5000','health','accident','chat trigger','Thank you for reporting the accident problem. Is this an emergency?','2020-06-22 01:10:29','2020-06-22 01:10:29'),(146,'daaman','70.9000','30.5000','health','accident','no','Thanks. Do you have any more information about this incident ?','2020-06-22 01:10:39','2020-06-22 01:10:39'),(147,'daaman','70.9000','30.5000','health','accident','yes','Thanks. Can you provide a photograph or the written report of the incident ?','2020-06-22 01:10:49','2020-06-22 01:10:49'),(148,'daaman','70.9000','30.5000','health','accident','info shared','Has anyone responded to this incident?','2020-06-22 01:10:59','2020-06-22 01:10:59'),(149,'daaman','70.9000','30.5000','health','accident','chat trigger','Thank you for reporting the accident problem. Is this an emergency?','2020-06-22 01:13:18','2020-06-22 01:13:18'),(150,'daaman','70.9000','30.5000','health','accident','no','Thanks. Do you have any more information about this incident ?','2020-06-22 01:13:30','2020-06-22 01:13:30'),(151,'daaman','70.9000','30.5000','health','accident','yes','Thanks. Can you provide a photograph or the written report of the incident ?','2020-06-22 01:13:37','2020-06-22 01:13:37'),(152,'daaman','70.9000','30.5000','health','accident','info shared','Has anyone responded to this incident?','2020-06-22 01:13:45','2020-06-22 01:13:45'),(153,'daaman','70.9000','30.5000','health','accident','no','Thank You.Who do you think should respond ?','2020-06-22 01:13:56','2020-06-22 01:13:56'),(154,'daaman','70.9000','30.5000','school','ragging','chat trigger','Thank you for reporting the ragging problem. Do you have any more details regarding this issue ?','2020-06-22 01:25:59','2020-06-22 01:25:59'),(155,'daaman','70.9000','30.5000','school','ragging','yes','Okay. Please share a relevant image or any other written details.','2020-06-22 01:26:09','2020-06-22 01:26:09'),(156,'daaman','70.9000','30.5000','school','ragging','info shared','Thank you. Would you like us to find you a school authority to speak to?','2020-06-22 01:26:19','2020-06-22 01:26:19'),(157,'adityajohar','28.4595','77.0266','crime','robbery','trigger chat','Thank you for reporting the robbery. Do you have any more information to share about the incident ?','2020-06-23 01:09:02','2020-06-23 01:09:02'),(158,'adityajohar','28.4595','77.0266','crime','robbery','yes i do','Okay. Please share with us a written report or an image.','2020-06-23 01:09:10','2020-06-23 01:09:10'),(159,'adityajo','28.4595','77.0266','crime','robbery','trigger chat','Thank you for reporting the robbery. Do you have any more information to share about the incident ?','2020-06-23 01:14:05','2020-06-23 01:14:05'),(160,'adityajo','28.4595','77.0266','crime','robbery','yes i do','Okay. Please share with us a written report or an image.','2020-06-23 01:14:12','2020-06-23 01:14:12'),(161,'adityaj','28.4595','77.0266','crime','robbery','trigger chat','Thank you for reporting the robbery. Do you have any more information to share about the incident ?','2020-06-23 01:16:35','2020-06-23 01:16:35'),(162,'adityaj','28.4595','77.0266','crime','robbery','yes','Okay. Please share with us a written report or an image.','2020-06-23 01:16:44','2020-06-23 01:16:44'),(163,'adityaj','28.4595','77.0266','crime','robbery','info shared','Thank you for the information. Would you like to discuss this incident with a relevant authority?','2020-06-23 01:17:16','2020-06-23 01:17:16'),(164,'aditya','28.4595','77.0266','crime','robbery','trigger chat','Thank you for reporting the robbery. Do you have any more information to share about the incident ?','2020-06-23 01:18:38','2020-06-23 01:18:38'),(165,'aditya','28.4595','77.0266','crime','robbery','yes','Okay. Please share with us a written report or an image.','2020-06-23 01:18:43','2020-06-23 01:18:43'),(166,'aditya','28.4595','77.0266','crime','robbery','info shared','Thank you for the information. Would you like to discuss this incident with a relevant authority?','2020-06-23 01:18:58','2020-06-23 01:18:58'),(167,'johar','28.4595','77.0266','crime','robbery','trigger chat','Thank you for reporting the robbery. Do you have any more information to share about the incident ?','2020-06-23 01:22:30','2020-06-23 01:22:30'),(168,'johar','28.4595','77.0266','crime','robbery','yes','Okay. Please share with us a written report or an image.','2020-06-23 01:22:38','2020-06-23 01:22:38'),(169,'johar','28.4595','77.0266','crime','robbery','info shared','Thank you for the information. Would you like to discuss this incident with a relevant authority?','2020-06-23 01:22:45','2020-06-23 01:22:45'),(170,'joharx','28.4595','77.0266','crime','robbery','trigger chat','Thank you for reporting the robbery. Do you have any more information to share about the incident ?','2020-06-23 02:26:42','2020-06-23 02:26:42'),(171,'joharx','28.4595','77.0266','crime','robbery','yes','Okay. Please share with us a written report or an image.','2020-06-23 02:26:58','2020-06-23 02:26:58'),(172,'joharx','28.4595','77.0266','crime','robbery','info shared','Thank you for the information. Would you like to discuss this incident with a relevant authority?','2020-06-23 02:27:06','2020-06-23 02:27:06'),(173,'adityaj','28.4595','77.0266','crime','robbery','trigger chat','Thank you for reporting the robbery. Do you have any more information to share about the incident ?','2020-06-23 02:30:50','2020-06-23 02:30:50'),(174,'adityaj','28.4595','77.0266','crime','robbery','yes','Okay. Please share with us a written report or an image.','2020-06-23 02:30:58','2020-06-23 02:30:58'),(175,'adityajoharx','28.4595','77.0266','crime','robbery','trigger chat','Thank you for reporting the robbery. Do you have any more information to share about the incident ?','2020-06-23 02:35:27','2020-06-23 02:35:27'),(176,'adityajoharx','28.4595','77.0266','crime','robbery','yes','Okay. Please share with us a written report or an image.','2020-06-23 02:35:33','2020-06-23 02:35:33'),(177,'adityajo','28.4595','77.0266','crime','robbery','trigger chat','Thank you for reporting the robbery. Do you have any more information to share about the incident ?','2020-06-23 02:36:16','2020-06-23 02:36:16'),(178,'adityajo','28.4595','77.0266','crime','robbery','yes','Okay. Please share with us a written report or an image.','2020-06-23 02:36:26','2020-06-23 02:36:26'),(179,'adityajo','28.4595','77.0266','crime','robbery','info shared','Thank you for the information. Would you like to discuss this incident with a relevant authority?','2020-06-23 02:36:35','2020-06-23 02:36:35'),(180,'adityajo','28.4595','77.0266','crime','robbery','yes','Thank you. I see your report was for the city of Gurgaon,Haryana,IN. Who would you like to speak to? You can say the police, news reporters, or the city council.','2020-06-23 02:37:55','2020-06-23 02:37:55'),(181,'adityajo','28.4595','77.0266','crime','robbery','the police','Thank you. Here are the details for Police in the location of Gurgaon,Haryana,IN. Name: G Police Email Address: gp@test.com. Thank you for your time !','2020-06-23 02:38:04','2020-06-23 02:38:04'),(182,'daaman','70.9000','30.5000','city','acnt','chat trigger','Thank you for reporting the acnt incident. Are you in any danger ?','2020-06-23 02:55:48','2020-06-23 02:55:48'),(183,'daaman','70.9000','30.5000','city','acnt','no','Thank you. Do you have any more information regarding this incident?','2020-06-23 02:55:57','2020-06-23 02:55:57'),(184,'daaman','70.9000','30.5000','city','acnt','yes','Okay. Please share an image or write us the details of the incident.','2020-06-23 02:56:05','2020-06-23 02:56:05'),(185,'daaman','70.9000','30.5000','city','acnt','info shared','Thank you. Who do you think should respond to this incident?','2020-06-23 02:56:30','2020-06-23 02:56:30'),(186,'daaman','70.9000','30.5000','city','acnt','info shared','Thank you. Who do you think should respond to this incident?','2020-06-23 02:56:36','2020-06-23 02:56:36'),(187,'daaman','70.9000','30.5000','city','acnt','chat trigger','Thank you for reporting the acnt incident. Are you in any danger ?','2020-06-23 02:57:30','2020-06-23 02:57:30'),(188,'daaman','70.9000','30.5000','city','acnt','no','Thank you. Do you have any more information regarding this incident?','2020-06-23 02:57:43','2020-06-23 02:57:43'),(189,'daaman','70.9000','30.5000','city','acnt','yes','Okay. Please share an image or write us the details of the incident.','2020-06-23 02:57:48','2020-06-23 02:57:48'),(190,'daaman','70.9000','30.5000','city','acnt','info shared','Thank you. Who do you think should respond to this incident?','2020-06-23 02:58:22','2020-06-23 02:58:22'),(191,'daaman','70.9000','30.5000','city','acnt','info shared','Thank you. Who do you think should respond to this incident?','2020-06-23 02:58:25','2020-06-23 02:58:25'),(192,'daaman','70.9000','30.5000','city','acnt','chat trigger','Thank you for reporting the acnt incident. Are you in any danger ?','2020-06-23 03:00:36','2020-06-23 03:00:36'),(193,'daaman','70.9000','30.5000','city','acnt','no','Thank you. Do you have any more information regarding this incident?','2020-06-23 03:00:45','2020-06-23 03:00:45'),(194,'daaman','70.9000','30.5000','city','acnt','yes','Okay. Please share an image or write us the details of the incident.','2020-06-23 03:00:54','2020-06-23 03:00:54'),(195,'daaman','70.9000','30.5000','city','acnt','info shared','Thank you. Who do you think should respond to this incident?','2020-06-23 03:01:20','2020-06-23 03:01:20'),(196,'daaman','70.9000','30.5000','city','acnt','chat trigger','Thank you for reporting the acnt incident. Are you in any danger ?','2020-06-23 03:13:05','2020-06-23 03:13:05'),(197,'daaman','70.9000','30.5000','city','acnt','no','Thank you. Do you have any more information regarding this incident?','2020-06-23 03:13:16','2020-06-23 03:13:16'),(198,'daaman','70.9000','30.5000','city','acnt','yes','Okay. Please share an image or write us the details of the incident.','2020-06-23 03:13:22','2020-06-23 03:13:22'),(199,'daaman','70.9000','30.5000','city','acnt','chat trigger','Thank you for reporting the acnt incident. Are you in any danger ?','2020-06-23 03:19:24','2020-06-23 03:19:24'),(200,'daaman','70.9000','30.5000','city','acnt','no','Thank you. Do you have any more information regarding this incident?','2020-06-23 03:19:33','2020-06-23 03:19:33'),(201,'daaman','70.9000','30.5000','city','acnt','chat trigger','Thank you for reporting the acnt incident. Are you in any danger ?','2020-06-23 03:20:36','2020-06-23 03:20:36'),(202,'daaman','70.9000','30.5000','city','acnt','no','Thank you. Do you have any more information regarding this incident?','2020-06-23 03:20:48','2020-06-23 03:20:48'),(203,'daaman','70.9000','30.5000','city','acnt','chat trigger','Thank you for reporting the acnt incident. Are you in any danger ?','2020-06-23 03:22:46','2020-06-23 03:22:46'),(204,'daaman','70.9000','30.5000','city','acnt','no','Thank you. We will update the report and broadcast it to the network for up to a week, or until it is resolved.','2020-06-23 03:23:05','2020-06-23 03:23:05'),(205,'daaman','70.9000','30.5000','city','acnt','chat trigger','Thank you for reporting the acnt incident. Are you in any danger ?','2020-06-23 03:26:31','2020-06-23 03:26:31'),(206,'daaman','70.9000','30.5000','city','acnt','no','Thank you. Do you have any more information regarding this incident?','2020-06-23 03:26:40','2020-06-23 03:26:40'),(207,'daaman','70.9000','30.5000','city','acnt','yes','Okay. Please share an image or write us the details of the incident.','2020-06-23 03:26:48','2020-06-23 03:26:48'),(208,'daaman','70.9000','30.5000','city','acnt','chat trigger','Thank you for reporting the acnt incident. Are you in any danger ?','2020-06-23 03:30:24','2020-06-23 03:30:24'),(209,'daaman','70.9000','30.5000','city','acnt','no','Thank you. Do you have any more information regarding this incident?','2020-06-23 03:30:33','2020-06-23 03:30:33'),(210,'daaman','70.9000','30.5000','city','acnt','yes','Okay. Please share an image or write us the details of the incident.','2020-06-23 03:30:40','2020-06-23 03:30:40'),(211,'daaman','70.9000','30.5000','city','acnt','chat trigger','Thank you for reporting the acnt incident. Are you in any danger ?','2020-06-23 03:34:40','2020-06-23 03:34:40'),(212,'daaman','70.9000','30.5000','city','acnt','no','Thank you. Do you have any more information regarding this incident?','2020-06-23 03:34:48','2020-06-23 03:34:48'),(213,'daaman','70.9000','30.5000','city','acnt','yes','Okay. Please share an image or write us the details of the incident.','2020-06-23 03:34:57','2020-06-23 03:34:57'),(214,'daaman','70.9000','30.5000','city','acnt','chat trigger','Thank you for reporting the acnt incident. Are you in any danger ?','2020-06-23 03:42:00','2020-06-23 03:42:00'),(215,'daaman','70.9000','30.5000','city','acnt','no','Thank you. Do you have any more information regarding this incident?','2020-06-23 03:42:08','2020-06-23 03:42:08'),(216,'daaman','70.9000','30.5000','city','acnt','yes','Okay. Please share an image or write us the details of the incident.','2020-06-23 03:42:19','2020-06-23 03:42:19'),(217,'daaman','70.9000','30.5000','city','acnt','info shared','I\'m sorry, I couldn\'t find the particular resource for your given area. We will continue to broadcast your report on the network.','2020-06-23 03:42:39','2020-06-23 03:42:39'),(218,'daaman','70.9000','30.5000','city','acnt','info shared','I\'m sorry, I couldn\'t find the particular resource for your given area. We will continue to broadcast your report on the network.','2020-06-23 03:42:42','2020-06-23 03:42:42'),(219,'daaman','70.9000','30.5000','city','acnt','chat trigger','Thank you for reporting the acnt incident. Are you in any danger ?','2020-06-23 03:45:05','2020-06-23 03:45:05'),(220,'daaman','70.9000','30.5000','city','acnt','no','Thank you. Do you have any more information regarding this incident?','2020-06-23 03:45:16','2020-06-23 03:45:16'),(221,'daaman','70.9000','30.5000','city','acnt','yes','Okay. Please share an image or write us the details of the incident.','2020-06-23 03:45:23','2020-06-23 03:45:23'),(222,'daaman','70.9000','30.5000','city','acnt','info shared','Thank you. Who do you think should respond to this incident?','2020-06-23 03:45:46','2020-06-23 03:45:46'),(223,'daaman','70.9000','30.5000','city','acnt','info shared','Thank you. Who do you think should respond to this incident?','2020-06-23 03:45:47','2020-06-23 03:45:47'),(224,'daaman','70.9000','30.5000','city','acnt','chat trigger','Thank you for reporting the acnt incident. Are you in any danger ?','2020-06-23 03:51:23','2020-06-23 03:51:23'),(225,'daaman','70.9000','30.5000','city','acnt','no','Thank you. Do you have any more information regarding this incident?','2020-06-23 03:51:30','2020-06-23 03:51:30'),(226,'daaman','70.9000','30.5000','city','acnt','yes','Okay. Please share an image or write us the details of the incident.','2020-06-23 03:51:36','2020-06-23 03:51:36'),(227,'daaman','70.9000','30.5000','city','acnt','info shared','Thank you. Who do you think should respond to this incident?','2020-06-23 03:51:52','2020-06-23 03:51:52'),(228,'daaman','70.9000','30.5000','city','acnt','chat trigger','Thank you for reporting the acnt incident. Are you in any danger ?','2020-06-23 03:55:14','2020-06-23 03:55:14'),(229,'daaman','70.9000','30.5000','city','acnt','no','Thank you. Do you have any more information regarding this incident?','2020-06-23 03:55:44','2020-06-23 03:55:44'),(230,'daaman','70.9000','30.5000','city','acnt','yes','Okay. Please share an image or write us the details of the incident.','2020-06-23 03:55:50','2020-06-23 03:55:50'),(231,'daaman','70.9000','30.5000','city','acnt','info shared','Thank you. Who do you think should respond to this incident?','2020-06-23 03:56:08','2020-06-23 03:56:08'),(232,'daaman','70.9000','30.5000','city','acnt','chat trigger','Okay. Please share an image or write us the details of the incident.','2020-06-23 04:04:19','2020-06-23 04:04:19'),(233,'daaman','70.9000','30.5000','city','acnt','chat trigger','Okay. Please share an image or write us the details of the incident.','2020-06-23 04:04:19','2020-06-23 04:04:19'),(234,'daaman','70.9000','30.5000','city','acnt','chat trigger','Thank you for reporting the acnt incident. Are you in any danger ?','2020-06-23 04:05:03','2020-06-23 04:05:03'),(235,'daaman','70.9000','30.5000','city','acnt','no','Thank you. Do you have any more information regarding this incident?','2020-06-23 04:05:12','2020-06-23 04:05:12'),(236,'daaman','70.9000','30.5000','city','acnt','yes','Okay. Please share an image or write us the details of the incident.','2020-06-23 04:05:18','2020-06-23 04:05:18'),(237,'daaman','70.9000','30.5000','city','acnt','chat trigger','Thank you for reporting the acnt incident. Are you in any danger ?','2020-06-23 04:08:11','2020-06-23 04:08:11'),(238,'daaman','70.9000','30.5000','city','acnt','no','Thank you. Do you have any more information regarding this incident?','2020-06-23 04:08:19','2020-06-23 04:08:19'),(239,'daaman','70.9000','30.5000','city','acnt','yes','Okay. Please share an image or write us the details of the incident.','2020-06-23 04:08:26','2020-06-23 04:08:26'),(240,'daaman','70.9000','30.5000','city','acnt','chat trigger','Thank you for reporting the acnt incident. Are you in any danger ?','2020-06-23 04:11:52','2020-06-23 04:11:52'),(241,'daaman','70.9000','30.5000','city','acnt','no','Thank you. Do you have any more information regarding this incident?','2020-06-23 04:11:59','2020-06-23 04:11:59'),(242,'daaman','70.9000','30.5000','city','acnt','yes','Okay. Please share an image or write us the details of the incident.','2020-06-23 04:12:05','2020-06-23 04:12:05'),(243,'daaman','70.9000','30.5000','city','acnt','info shared','Please go somewhere safe and say Hi when you are ready.','2020-06-23 04:12:24','2020-06-23 04:12:24'),(244,'daaman','70.9000','30.5000','city','acnt','chat trigger','Thank you for reporting the acnt incident. Are you in any danger ?','2020-06-23 04:44:54','2020-06-23 04:44:54'),(245,'daaman','70.9000','30.5000','city','acnt','no','Thank you. Do you have any more information regarding this incident?','2020-06-23 04:45:02','2020-06-23 04:45:02'),(246,'daaman','70.9000','30.5000','city','acnt','yes','Okay. Please share an image or write us the details of the incident.','2020-06-23 04:45:08','2020-06-23 04:45:08'),(247,'daaman','70.9000','30.5000','city','acnt','info shared','Thank you. Who do you think should respond to this incident?','2020-06-23 04:45:17','2020-06-23 04:45:17'),(248,'daaman','70.9000','30.5000','city','acnt','chat trigger','Thank you for reporting the acnt incident. Are you in any danger ?','2020-06-23 04:47:19','2020-06-23 04:47:19'),(249,'daaman','70.9000','30.5000','city','acnt','no','Thank you. Do you have any more information regarding this incident?','2020-06-23 04:47:28','2020-06-23 04:47:28'),(250,'daaman','70.9000','30.5000','city','acnt','yes','Okay. Please share an image or write us the details of the incident.','2020-06-23 04:47:35','2020-06-23 04:47:35'),(251,'daaman','70.9000','30.5000','city','acnt','chat trigger','Thank you for reporting the acnt incident. Are you in any danger ?','2020-06-23 04:50:24','2020-06-23 04:50:24'),(252,'daaman','70.9000','30.5000','city','acnt','no','Thank you. Do you have any more information regarding this incident?','2020-06-23 04:50:38','2020-06-23 04:50:38'),(253,'daaman','70.9000','30.5000','city','acnt','yes','Okay. Please share an image or write us the details of the incident.','2020-06-23 04:50:43','2020-06-23 04:50:43'),(254,'daaman','70.9000','30.5000','city','acnt','info shared','I\'m sorry, I couldn\'t find the particular resource for your given area. We will continue to broadcast your report on the network.','2020-06-23 04:51:16','2020-06-23 04:51:16'),(255,'daaman','70.9000','30.5000','city','acnt','chat trigger','Thank you for reporting the acnt incident. Are you in any danger ?','2020-06-23 10:52:48','2020-06-23 10:52:48'),(256,'daaman','70.9000','30.5000','city','acnt','no','Thank you. Do you have any more information regarding this incident?','2020-06-23 10:53:02','2020-06-23 10:53:02'),(257,'daaman','70.9000','30.5000','city','acnt','yes','Okay. Please share an image or write us the details of the incident.','2020-06-23 10:53:09','2020-06-23 10:53:09'),(258,'daaman','70.9000','30.5000','city','acnt','chat trigger','Thank you for reporting the acnt incident. Are you in any danger ?','2020-06-23 10:55:01','2020-06-23 10:55:01'),(259,'daaman','70.9000','30.5000','city','acnt','no','Thank you. Do you have any more information regarding this incident?','2020-06-23 10:55:07','2020-06-23 10:55:07'),(260,'daaman','70.9000','30.5000','city','acnt','yes','Okay. Please share an image or write us the details of the incident.','2020-06-23 10:55:13','2020-06-23 10:55:13'),(261,'daaman','70.9000','30.5000','city','acnt','info shared','Thank you. Who do you think should respond to this incident?','2020-06-23 10:55:32','2020-06-23 10:55:32'),(262,'daaman','70.9000','30.5000','city','acnt','police','I\'m sorry, I couldn\'t find the particular resource for your given area. We will continue to broadcast your report on the network.','2020-06-23 10:55:45','2020-06-23 10:55:45'),(263,'daaman','70.9000','30.5000','health','acnt','chat trigger','Thank you for reporting the acnt problem. Is this an emergency?','2020-06-23 11:04:53','2020-06-23 11:04:53'),(264,'daaman','70.9000','30.5000','health','acnt','no','Thanks. Do you have any more information about this incident ?','2020-06-23 11:04:58','2020-06-23 11:04:58'),(265,'daaman','70.9000','30.5000','health','acnt','yes','Thanks. Can you provide a photograph or the written report of the incident ?','2020-06-23 11:05:04','2020-06-23 11:05:04'),(266,'daaman','70.9000','30.5000','health','acnt','info shared','Has anyone responded to this incident?','2020-06-23 11:05:25','2020-06-23 11:05:25'),(267,'daaman','70.9000','30.5000','health','acnt','no','Thank You.Who do you think should respond ?','2020-06-23 11:05:34','2020-06-23 11:05:34'),(268,'daaman','70.9000','30.5000','product','pen','chat trigger','Thank you for reporting the pen problem.How can we help you with this product?','2020-06-23 11:13:19','2020-06-23 11:13:19'),(269,'daaman','70.9000','30.5000','product','pen','broken','Thanks. Can you provide a photo of the product, where it was purchased and a receipt of the proof of purchase.','2020-06-23 11:13:28','2020-06-23 11:13:28'),(270,'daaman','70.9000','30.5000','product','pen','info shared','Thanks. Who do think would be best to resolve the issue?','2020-06-23 11:13:42','2020-06-23 11:13:42'),(271,'adityajo','28.4595','77.0266','crime','robbery','trigger chat','Thank you for reporting the robbery. Do you have any more information to share about the incident ?','2020-06-23 23:17:10','2020-06-23 23:17:10'),(272,'adityajo','28.4595','77.0266','crime','robbery','what was that','Okay. Please share with us a written report or an image.','2020-06-23 23:17:24','2020-06-23 23:17:24'),(273,'adityajo','28.4595','77.0266','crime','robbery','info shared','Thank you for the information. Would you like to discuss this incident with a relevant authority?','2020-06-23 23:18:08','2020-06-23 23:18:08'),(274,'adityajo','28.4595','77.0266','crime','robbery','yes','Thank you. I see your report was for the city of Gurgaon,Haryana,IN. Who would you like to speak to? You can say the police, news reporters, or the city council.','2020-06-23 23:18:24','2020-06-23 23:18:24'),(275,'adityajo','28.4595','77.0266','crime','robbery','the police','Thank you. Here are the details for Police in the location of Gurgaon,Haryana,IN. Name: G Police Email Address: gp@test.com. Thank you for your time !','2020-06-23 23:18:35','2020-06-23 23:18:35'),(276,'adityajo','28.4595','77.0266','crime','robbery','trigger chat','Thank you for reporting the robbery. Do you have any more information to share about the incident ?','2020-06-23 23:18:47','2020-06-23 23:18:47'),(277,'daaman','70.9000','30.5000','city','protest','chat trigger','Thank you for reporting the protest incident. Are you in any danger ?','2020-06-24 00:13:42','2020-06-24 00:13:42'),(278,'daaman','70.9000','30.5000','city','protest','chat trigger','Thank you for reporting the protest incident. Are you in any danger ?','2020-06-24 00:24:02','2020-06-24 00:24:02'),(279,'daaman','70.9000','30.5000','city','protest','chat trigger','Thank you for reporting the protest incident. Are you in any danger ?','2020-06-24 00:27:20','2020-06-24 00:27:20'),(280,'daaman','70.9000','30.5000','city','protest','chat trigger','Thank you for reporting the protest incident. Are you in any danger ?','2020-06-24 00:30:06','2020-06-24 00:30:06'),(281,'daaman','70.9000','30.5000','city','protest','chat trigger','Thank you for reporting the protest incident. Are you in any danger ?','2020-06-24 00:31:32','2020-06-24 00:31:32'),(282,'daaman','70.9000','30.5000','city','protest','chat trigger','Thank you for reporting the protest incident. Are you in any danger ?','2020-06-24 00:33:16','2020-06-24 00:33:16'),(283,'daaman','70.9000','30.5000','city','protest','chat trigger','Thank you for reporting the protest incident. Are you in any danger ?','2020-06-24 00:34:15','2020-06-24 00:34:15'),(284,'daaman','70.9000','30.5000','city','protest','chat trigger','Thank you for reporting the protest incident. Are you in any danger ?','2020-06-24 00:44:23','2020-06-24 00:44:23'),(285,'daaman','70.9000','30.5000','city','protest','chbbghbhj','Please go somewhere safe and say Hi when you are ready.','2020-06-24 00:44:52','2020-06-24 00:44:52'),(286,'daaman','70.9000','30.5000','city','protest','chat trigger','Thank you for reporting the protest incident. Are you in any danger ?','2020-06-24 00:46:29','2020-06-24 00:46:29'),(287,'daaman','70.9000','30.5000','city','protest','chat trigger','Thank you for reporting the protest incident. Are you in any danger ?','2020-06-24 00:48:06','2020-06-24 00:48:06'),(288,'daaman','70.9000','30.5000','city','protest','chat trigger','Thank you for reporting the protest incident. Are you in any danger ?','2020-06-24 00:51:23','2020-06-24 00:51:23'),(289,'daaman','70.9000','30.5000','city','protest','chat trigger','Thank you for reporting the protest incident. Are you in any danger ?','2020-06-24 00:56:00','2020-06-24 00:56:00'),(290,'daaman','70.9000','30.5000','city','protest','chat trigger','Thank you for reporting the protest incident. Are you in any danger ?','2020-06-24 00:56:07','2020-06-24 00:56:07'),(291,'daaman','70.9000','30.5000','city','protest','chat trigger','Thank you for reporting the protest incident. Are you in any danger ?','2020-06-24 00:56:27','2020-06-24 00:56:27'),(292,'daaman','70.9000','30.5000','city','protest','chat trigger','Thank you for reporting the protest incident. Are you in any danger ?','2020-06-24 00:57:59','2020-06-24 00:57:59'),(293,'daaman','70.9000','30.5000','city','protest','chat trigger','Thank you for reporting the protest incident. Are you in any danger ?','2020-06-24 00:58:12','2020-06-24 00:58:12'),(294,'daaman','70.9000','30.5000','city','protest','chat trigger','Thank you for reporting the protest incident. Are you in any danger ?','2020-06-24 01:05:18','2020-06-24 01:05:18'),(295,'daaman','70.9000','30.5000','city','protest','chat trigger','Thank you for reporting the protest incident. Are you in any danger ?','2020-06-24 01:14:19','2020-06-24 01:14:19'),(296,'daaman','70.9000','30.5000','city','protest','chat trigger','Thank you for reporting the protest incident. Are you in any danger ?','2020-06-24 01:17:47','2020-06-24 01:17:47'),(297,'daaman','70.9000','30.5000','city','protest','chat trigger','Thank you for reporting the protest incident. Are you in any danger ?','2020-06-24 01:21:05','2020-06-24 01:21:05'),(298,'daaman','70.9000','30.5000','city','protest','chat trigger','Thank you for reporting the protest incident. Are you in any danger ?','2020-06-24 01:24:04','2020-06-24 01:24:04'),(299,'daaman','70.9000','30.5000','city','protest','chat trigger','Thank you for reporting the protest incident. Are you in any danger ?','2020-06-24 01:28:31','2020-06-24 01:28:31'),(300,'daaman','70.9000','30.5000','city','protest','chat trigger','Thank you for reporting the protest incident. Are you in any danger ?','2020-06-24 02:09:46','2020-06-24 02:09:46'),(301,'daaman','70.9000','30.5000','city','protest','chat trigger','Thank you for reporting the protest incident. Are you in any danger ?','2020-06-24 02:15:47','2020-06-24 02:15:47'),(302,'daaman','70.9000','30.5000','city','protest','chat trigger','Thank you for reporting the protest incident. Are you in any danger ?','2020-06-24 02:20:55','2020-06-24 02:20:55'),(303,'daaman','70.9000','30.5000','city','protest','chat trigger','Thank you for reporting the protest incident. Are you in any danger ?','2020-06-24 02:22:33','2020-06-24 02:22:33'),(304,'daaman','70.9000','30.5000','city','protest','chat trigger','Thank you for reporting the protest incident. Are you in any danger ?','2020-06-24 02:23:56','2020-06-24 02:23:56'),(305,'daaman','70.9000','30.5000','city','protest','chat trigger','Thank you for reporting the protest incident. Are you in any danger ?','2020-06-24 02:24:44','2020-06-24 02:24:44'),(306,'daaman','70.9000','30.5000','city','protest','cank','Please go somewhere safe and say Hi when you are ready.','2020-06-24 02:24:58','2020-06-24 02:24:58'),(307,'daaman','70.9000','30.5000','city','protest','chat trigger','Thank you for reporting the protest incident. Are you in any danger ?','2020-06-24 03:00:15','2020-06-24 03:00:15'),(308,'daaman','70.9000','30.5000','city','protest','chat trigger','Thank you for reporting the protest incident. Are you in any danger ?','2020-06-24 03:16:08','2020-06-24 03:16:08'),(309,'daaman','70.9000','30.5000','city','protest','chat trigger','Thank you for reporting the protest incident. Are you in any danger ?','2020-06-24 03:22:35','2020-06-24 03:22:35'),(310,'daaman','70.9000','30.5000','city','protest','chat trigger','Thank you for reporting the protest incident. Are you in any danger ?','2020-06-24 03:30:03','2020-06-24 03:30:03'),(311,'daaman','70.9000','30.5000','city','protest','chat trigger','Thank you for reporting the protest incident. Are you in any danger ?','2020-06-24 03:38:59','2020-06-24 03:38:59'),(312,'daaman','70.9000','30.5000','city','protest','chat trigger','Thank you for reporting the protest incident. Are you in any danger ?','2020-06-24 03:40:52','2020-06-24 03:40:52'),(313,'daaman','70.9000','30.5000','city','protest','chat trigger','Thank you for reporting the protest incident. Are you in any danger ?','2020-06-24 03:43:55','2020-06-24 03:43:55'),(314,'daaman','70.9000','30.5000','city','protest','chat trigger','Thank you for reporting the protest incident. Are you in any danger ?','2020-06-24 03:46:11','2020-06-24 03:46:11'),(315,'daaman','70.9000','30.5000','city','protest','chat trigger','Thank you for reporting the protest incident. Are you in any danger ?','2020-06-24 03:46:59','2020-06-24 03:46:59'),(316,'daaman','70.9000','30.5000','city','protest','chat trigger','Thank you for reporting the protest incident. Are you in any danger ?','2020-06-24 03:48:08','2020-06-24 03:48:08'),(317,'daaman','70.9000','30.5000','city','protest','chat trigger','Thank you for reporting the protest incident. Are you in any danger ?','2020-06-24 03:53:49','2020-06-24 03:53:49'),(318,'daaman','70.9000','30.5000','city','protest','chat trigger','Thank you for reporting the protest incident. Are you in any danger ?','2020-06-24 03:59:35','2020-06-24 03:59:35'),(319,'daaman','70.9000','30.5000','city','protest','chat trigger','Thank you for reporting the protest incident. Are you in any danger ?','2020-06-24 04:05:37','2020-06-24 04:05:37'),(320,'daaman','70.9000','30.5000','city','protest','chat trigger','Thank you for reporting the protest incident. Are you in any danger ?','2020-06-24 04:18:50','2020-06-24 04:18:50'),(321,'daaman','70.9000','30.5000','city','protest','chat trigger','Thank you for reporting the protest incident. Are you in any danger ?','2020-06-24 04:39:47','2020-06-24 04:39:47'),(322,'daaman','70.9000','30.5000','city','protest','chat trigger','Thank you for reporting the protest incident. Are you in any danger ?','2020-06-24 04:44:25','2020-06-24 04:44:25'),(323,'daaman','70.9000','30.5000','city','protest','chat trigger','Thank you for reporting the protest incident. Are you in any danger ?','2020-06-24 04:52:29','2020-06-24 04:52:29'),(324,'daaman','70.9000','30.5000','city','protest','chat trigger','Thank you for reporting the protest incident. Are you in any danger ?','2020-06-24 04:54:36','2020-06-24 04:54:36'),(325,'daaman','70.9000','30.5000','city','protest','chat trigger','Thank you for reporting the protest incident. Are you in any danger ?','2020-06-24 04:57:03','2020-06-24 04:57:03'),(326,'daaman','70.9000','30.5000','city','protest','chat trigger','Thank you for reporting the protest incident. Are you in any danger ?','2020-06-24 05:00:08','2020-06-24 05:00:08'),(327,'daaman','70.9000','30.5000','city','protest','chat trigger','Thank you for reporting the protest incident. Are you in any danger ?','2020-06-24 05:11:26','2020-06-24 05:11:26'),(328,'daaman','70.9000','30.5000','city','protest','chat trigger','Thank you for reporting the protest incident. Are you in any danger ?','2020-06-24 05:12:22','2020-06-24 05:12:22'),(329,'daaman','70.9000','30.5000','city','protest','chat trigger','Thank you for reporting the protest incident. Are you in any danger ?','2020-06-24 05:29:38','2020-06-24 05:29:38'),(330,'daaman','70.9000','30.5000','city','protest','chat trigger','Thank you for reporting the protest incident. Are you in any danger ?','2020-06-24 05:32:40','2020-06-24 05:32:40'),(331,'daaman','70.9000','30.5000','city','protest','chat trigger','Thank you for reporting the protest incident. Are you in any danger ?','2020-06-24 05:36:00','2020-06-24 05:36:00'),(332,'daaman','70.9000','30.5000','city','protest','chat trigger','Thank you for reporting the protest incident. Are you in any danger ?','2020-06-24 05:37:28','2020-06-24 05:37:28'),(333,'daaman','70.9000','30.5000','city','protest','chat trigger','Thank you for reporting the protest incident. Are you in any danger ?','2020-06-24 05:44:23','2020-06-24 05:44:23'),(334,'daaman','70.9000','30.5000','city','protest','chat trigger','Thank you for reporting the protest incident. Are you in any danger ?','2020-06-24 05:48:28','2020-06-24 05:48:28'),(335,'daaman','70.9000','30.5000','city','protest','chat trigger','Thank you for reporting the protest incident. Are you in any danger ?','2020-06-24 05:59:21','2020-06-24 05:59:21'),(336,'daaman','70.9000','30.5000','city','protest','chat trigger','Thank you for reporting the protest incident. Are you in any danger ?','2020-06-24 06:01:31','2020-06-24 06:01:31'),(337,'daaman','70.9000','30.5000','health','protest','chat trigger','Thank you for reporting the protest problem. Is this an emergency?','2020-06-24 06:46:56','2020-06-24 06:46:56'),(338,'daaman','70.9000','30.5000','news','protest','chat trigger','Thank you for reporting the protest news. Do you have any more information or evidence regarding this news story ?','2020-06-24 06:51:16','2020-06-24 06:51:16'),(339,'daaman','70.9000','30.5000','news','protest','chat trigger','Thank you for reporting the protest problem.How can we help you with this product?','2020-06-24 06:52:40','2020-06-24 06:52:40'),(340,'daaman','70.9000','30.5000','news','protest','chat trigger','Thank you for reporting the protest problem. Do you have any more details regarding this issue ?','2020-06-24 06:53:51','2020-06-24 06:53:51'),(341,'daaman','70.9000','30.5000','news','protest','chat trigger','Thank you for reporting the protest. Do you have any more information to share about the incident ?','2020-06-24 08:01:18','2020-06-24 08:01:18'),(342,'daaman','70.9000','30.5000','news','protest','djcndjk','Okay. Please share with us a written report or an image.','2020-06-24 08:01:32','2020-06-24 08:01:32'),(343,'daaman','70.9000','30.5000','news','protest','chat trigger','Thank you for reporting the protest. Do you have any more information to share about the incident ?','2020-06-24 08:04:49','2020-06-24 08:04:49'),(344,'daaman','70.9000','30.5000','city','protest','chat trigger','Thank you for reporting the protest incident. Are you in any danger ?','2020-06-24 08:12:03','2020-06-24 08:12:03'),(345,'daaman','70.9000','30.5000','city','protest','chat trigger','Thank you for reporting the protest problem. Is this an emergency?','2020-06-24 08:13:04','2020-06-24 08:13:04'),(346,'daaman','70.9000','30.5000','city','protest','ckdmkwm','Please call 911 immediately.','2020-06-24 08:13:14','2020-06-24 08:13:14'),(347,'daaman','70.9000','30.5000','city','protest','chat trigger','Thank you for reporting the protest problem. Is this an emergency?','2020-06-24 08:13:45','2020-06-24 08:13:45'),(348,'daaman','70.9000','30.5000','city','protest','bhfek','Please call 911 immediately.','2020-06-24 08:13:57','2020-06-24 08:13:57'),(349,'daaman','70.9000','30.5000','news','protest','chat trigger','Thank you for reporting the protest news. Do you have any more information or evidence regarding this news story ?','2020-06-24 08:15:50','2020-06-24 08:15:50'),(350,'daaman','70.9000','30.5000','news','protest','no','Okay, we will continue to broadcast your report for up to a week to inform the network.','2020-06-24 08:16:13','2020-06-24 08:16:13'),(351,'daaman','70.9000','30.5000','news','protest','chat trigger','Thank you for reporting the protest problem.How can we help you with this product?','2020-06-24 08:16:52','2020-06-24 08:16:52'),(352,'daaman','70.9000','30.5000','news','protest','chat trigger','Thank you for reporting the protest problem. Do you have any more details regarding this issue ?','2020-06-24 08:17:40','2020-06-24 08:17:40'),(353,'daaman','70.9000','30.5000','news','protest','chat trigger','Thank you for reporting the protest problem. Is this an emergency?','2020-06-24 08:19:17','2020-06-24 08:19:17'),(354,'daaman','70.9000','30.5000','news','protest','cefjrfsddeef','Please call 911 immediately.','2020-06-24 08:19:37','2020-06-24 08:19:37'),(355,'adityajo','28.4595','77.0266','crime','robbery','trigger chat','Thank you for reporting the robbery incident. Are you in any danger ?','2020-06-25 23:14:53','2020-06-25 23:14:53'),(356,'adityajo','28.4595','77.0266','crime','robbery','yes','Please go somewhere safe and say Hi when you are ready.','2020-06-25 23:15:08','2020-06-25 23:15:08'),(357,'adityajo','28.4595','77.0266','crime','robbery','trigger chat','Thank you for reporting the robbery incident. Are you in any danger ?','2020-06-25 23:38:09','2020-06-25 23:38:09'),(358,'adityajo','28.4595','77.0266','crime','robbery','yes','Please go somewhere safe and say \'I am safe\' when you are ready.','2020-06-25 23:38:17','2020-06-25 23:38:17'),(359,'adityajo','28.4595','77.0266','crime','robbery','trigger chat','Thank you for reporting the robbery incident. Are you in any danger ?','2020-06-25 23:47:07','2020-06-25 23:47:07'),(360,'adityajo','28.4595','77.0266','crime','robbery','yes','Please go somewhere safe and say \'I am safe\' when you are ready.','2020-06-25 23:47:15','2020-06-25 23:47:15'),(361,'aditya','28.4595','77.0266','crime','robbery','trigger chat','Thank you for reporting the robbery incident. Are you in any danger ?','2020-06-25 23:48:18','2020-06-25 23:48:18'),(362,'aditya','28.4595','77.0266','crime','robbery','yes','Please go somewhere safe and say \'I am safe\' when you are ready.','2020-06-25 23:48:26','2020-06-25 23:48:26'),(363,'aditya','28.4595','77.0266','crime','robbery','i am safe','Okay. Please share an image or write us the details of the incident.','2020-06-25 23:48:33','2020-06-25 23:48:33'),(364,'adityax','28.4595','77.0266','crime','robbery','trigger chat','Thank you for reporting the robbery incident. Are you in any danger ?','2020-06-25 23:58:09','2020-06-25 23:58:09'),(365,'adityax','28.4595','77.0266','crime','robbery','yes','Please go somewhere safe and say \'I am safe\' when you are ready.','2020-06-25 23:58:17','2020-06-25 23:58:17'),(366,'adityax','28.4595','77.0266','crime','robbery','ok','Please go somewhere safe and say \'I am safe\' when you are ready.','2020-06-25 23:58:24','2020-06-25 23:58:24'),(367,'adityax','28.4595','77.0266','crime','robbery','i am safe','Please go somewhere safe and say \'I am safe\' when you are ready.','2020-06-25 23:58:44','2020-06-25 23:58:44'),(368,'adityx','28.4595','77.0266','crime','robbery','trigger chat','Thank you for reporting the robbery incident. Are you in any danger ?','2020-06-26 00:00:22','2020-06-26 00:00:22'),(369,'adityx','28.4595','77.0266','crime','robbery','yes','Please go somewhere safe and say \'I am safe\' when you are ready.','2020-06-26 00:00:29','2020-06-26 00:00:29'),(370,'adityx','28.4595','77.0266','crime','robbery','ok','Please go somewhere safe and say \'I am safe\' when you are ready.','2020-06-26 00:00:37','2020-06-26 00:00:37'),(371,'adityx','28.4595','77.0266','crime','robbery','i am safe','Please go somewhere safe and say \'I am safe\' when you are ready.','2020-06-26 00:00:47','2020-06-26 00:00:47'),(372,'aditx','28.4595','77.0266','crime','robbery','trigger chat','Thank you for reporting the robbery incident. Are you in any danger ?','2020-06-26 00:06:19','2020-06-26 00:06:19'),(373,'aditx','28.4595','77.0266','crime','robbery','yes','Please go somewhere safe and say \'I am safe\' when you are ready.','2020-06-26 00:06:26','2020-06-26 00:06:26'),(374,'aditx','28.4595','77.0266','crime','robbery','i am safe','Okay. Please share an image or write us the details of the incident.','2020-06-26 00:06:38','2020-06-26 00:06:38'),(375,'adi','28.4595','77.0266','crime','robbery','trigger chat','Thank you for reporting the robbery incident. Are you in any danger ?','2020-06-26 00:09:29','2020-06-26 00:09:29'),(376,'adi','28.4595','77.0266','crime','robbery','yes','Please go somewhere safe and say \'I am safe\' when you are ready.','2020-06-26 00:09:39','2020-06-26 00:09:39'),(377,'adi','28.4595','77.0266','crime','robbery','i am safe','Okay. Please share an image or write us the details of the incident.','2020-06-26 00:09:54','2020-06-26 00:09:54'),(378,'adi','28.4595','77.0266','city','robbery','info shared','Thank you. Who do you think should respond to this incident?','2020-06-26 00:10:14','2020-06-26 00:10:14'),(379,'ad','28.4595','77.0266','city','robbery','trigger chat','Thank you for reporting the robbery incident. Are you in any danger ?','2020-06-26 00:11:54','2020-06-26 00:11:54'),(380,'ad','28.4595','77.0266','city','robbery','yes','Please go somewhere safe and say \'I am safe\' when you are ready.','2020-06-26 00:12:02','2020-06-26 00:12:02'),(381,'ad','28.4595','77.0266','city','robbery','i am safe','Okay. Please share an image or write us the details of the incident.','2020-06-26 00:12:09','2020-06-26 00:12:09'),(382,'ad','28.4595','77.0266','city','robbery','info shared','Thank you. Who do you think should respond to this incident?','2020-06-26 00:12:18','2020-06-26 00:12:18'),(383,'ad','28.4595','77.0266','city','robbery','the police','I\'m sorry, I couldn\'t find the particular resource for your given area. We will continue to broadcast your report on the network.','2020-06-26 00:12:30','2020-06-26 00:12:30'),(384,'ad','28.4595','77.0266','city','robbery','trigger chat','Thank you for reporting the robbery incident. Are you in any danger ?','2020-06-26 00:12:56','2020-06-26 00:12:56'),(385,'ad','28.4595','77.0266','city','robbery','no','Thank you. Do you have any more information regarding this incident?','2020-06-26 00:13:04','2020-06-26 00:13:04'),(386,'ad','28.4595','77.0266','city','robbery','no','Thank you. We will update the report and broadcast it to the network for up to a week, or until it is resolved.','2020-06-26 00:13:13','2020-06-26 00:13:13'),(387,'ad','28.4595','77.0266','city','robbery','trigger chat','Thank you for reporting the robbery problem. Is this an emergency?','2020-06-26 01:09:03','2020-06-26 01:09:03'),(388,'ad','28.4595','77.0266','health','covid','yes','Please call 911 immediately.','2020-06-26 01:09:31','2020-06-26 01:09:31'),(389,'ad','28.4595','77.0266','health','covid','trigger chat','Thank you for reporting the covid problem. Is this an emergency?','2020-06-26 01:09:40','2020-06-26 01:09:40'),(390,'ad','28.4595','77.0266','health','covid','no','Thanks. Do you have any more information about this incident ?','2020-06-26 01:09:47','2020-06-26 01:09:47'),(391,'ad','28.4595','77.0266','health','covid','no','Thank You.Who do you think should respond ?','2020-06-26 01:09:51','2020-06-26 01:09:51'),(392,'ad','28.4595','77.0266','health','covid','the police','Please call 911 and ask them to send [choice]. We will broadcast this incident to the network for a week, or until it is resolved.','2020-06-26 01:10:06','2020-06-26 01:10:06'),(393,'ad','28.4595','77.0266','health','covid','trigger chat','Thank you for reporting the covid news. Do you have any more information or evidence regarding this news story ?','2020-06-26 01:48:27','2020-06-26 01:48:27'),(394,'ad','28.4595','77.0266','health','covid','yes','Thanks. Are you willing to speak with a reporter from a news publisher?','2020-06-26 01:48:38','2020-06-26 01:48:38'),(395,'ad','28.4595','77.0266','health','covid','yes','Okay, we will notify local news publishers to initiate a conversation with you directly through a private chat.\n You can choose to speak with them or not if they reach out to you.\n Make sure to never share any personal or identifying information.','2020-06-26 01:48:41','2020-06-26 01:48:41'),(396,'ad','28.4595','77.0266','health','covid','trigger chat','Thank you for reporting the covid problem. Do you have any more details regarding this issue ?','2020-06-26 01:54:03','2020-06-26 01:54:03'),(397,'ad','28.4595','77.0266','health','covid','yes','Okay. Please share a relevant image or any other written details.','2020-06-26 01:54:09','2020-06-26 01:54:09'),(398,'ad','28.4595','77.0266','health','covid','yes','Which resource do you think would be best to resolve this issue ?','2020-06-26 01:56:20','2020-06-26 01:56:20'),(399,'adx','28.4595','77.0266','health','covid','trigger chat','Thank you for reporting the covid problem. Do you have any more details regarding this issue ?','2020-06-26 01:57:48','2020-06-26 01:57:48'),(400,'adx','28.4595','77.0266','health','covid','yes','Okay. Please share a relevant image or any other written details.','2020-06-26 01:57:54','2020-06-26 01:57:54'),(401,'adx','28.4595','77.0266','health','covid','info shared','Thank you. Would you like us to find you a school authority to speak to?','2020-06-26 01:58:21','2020-06-26 01:58:21'),(402,'adx','28.4595','77.0266','health','covid','no','Okay. We will continue to broadcast this issue to the network for a week or until it is resolved.','2020-06-26 01:58:32','2020-06-26 01:58:32'),(403,'adityajoharx','28.4595','77.0266','crime','theft','trigger chat','Thank you for reporting the theft. Do you have any more information to share about the incident ?','2020-06-26 02:07:30','2020-06-26 02:07:30'),(404,'adityajoharx','28.4595','77.0266','crime','theft','yes','Okay. Please share with us a written report or an image.','2020-06-26 02:08:09','2020-06-26 02:08:09'),(405,'adityajoharx','28.4595','77.0266','crime','theft','info shared','Thank you for the information. Would you like to discuss this incident with a relevant authority?','2020-06-26 02:08:16','2020-06-26 02:08:16'),(406,'adityajrx','28.4595','77.0266','crime','theft','trigger chat','Thank you for reporting the theft problem. Is this an emergency?','2020-06-26 03:17:25','2020-06-26 03:17:25'),(407,'adityajrx','28.4595','77.0266','crime','theft','no','Thanks. Do you have any more information about this incident ?','2020-06-26 03:17:33','2020-06-26 03:17:33'),(408,'adityajrx','28.4595','77.0266','crime','theft','no','Thank You.Who do you think should respond ? You may say the police, ambulance or the fire department, or simply call 911 and ask for emergency services.','2020-06-26 03:17:37','2020-06-26 03:17:37'),(409,'adityajrx','28.4595','77.0266','crime','theft','the ambulance','Please call 911 and ask them to send your choice. We will broadcast this incident to the network for a week, or until it is resolved.','2020-06-26 03:17:46','2020-06-26 03:17:46'),(410,'adityajo','28.4595','77.0266','crime','covid','trigger bot','Thank you for reporting the covid problem. Is this an emergency?','2020-06-26 04:26:45','2020-06-26 04:26:45'),(411,'adityajo','28.4595','77.0266','crime','covid','no','Thanks. Do you have any more information about this incident ?','2020-06-26 04:26:52','2020-06-26 04:26:52'),(412,'adityajo','28.4595','77.0266','crime','covid','no','Thank You.Who do you think should respond ? You may say the police, ambulance or the fire department, or simply call 911 and ask for emergency services.','2020-06-26 04:26:56','2020-06-26 04:26:56'),(413,'adityajo','28.4595','77.0266','crime','covid','the police','Please call 911 and ask them to send your choice. We will broadcast this incident to the network for a week, or until it is resolved.','2020-06-26 04:27:06','2020-06-26 04:27:06'),(414,'adi','28.4595','77.0266','crime','covid','trigger chat','Thank you for reporting the covid problem. Is this an emergency?','2020-06-26 04:27:24','2020-06-26 04:27:24'),(415,'adit','28.4595','77.0266','crime','covid','trigger chat','Thank you for reporting the covid problem. Is this an emergency?','2020-06-26 04:28:42','2020-06-26 04:28:42'),(416,'adit','28.4595','77.0266','crime','covid','no','Thanks. Do you have any more information about this incident ?','2020-06-26 04:28:50','2020-06-26 04:28:50'),(417,'adit','28.4595','77.0266','crime','covid','yes','Thanks. Can you provide a photograph or the written report of the incident ?','2020-06-26 04:28:55','2020-06-26 04:28:55'),(418,'adit','28.4595','77.0266','crime','covid','info shared','Has anyone responded to this incident?','2020-06-26 04:29:06','2020-06-26 04:29:06'),(419,'adit','28.4595','77.0266','crime','covid','yes','Please call 911 and ask them to send your choice. We will broadcast this incident to the network for a week, or until it is resolved.','2020-06-26 04:29:14','2020-06-26 04:29:14'),(420,'adit','28.4595','77.0266','crime','covid','trigger chat','Thank you for reporting the covid incident. Are you in any danger ?','2020-06-26 04:37:22','2020-06-26 04:37:22'),(421,'adit','28.4595','77.0266','crime','covid','no','Thank you. Do you have any more information regarding this incident?','2020-06-26 04:37:27','2020-06-26 04:37:27'),(422,'adit','28.4595','77.0266','crime','covid','no','Thank you. We will update the report and broadcast it to the network for up to a week, or until it is resolved.','2020-06-26 04:37:32','2020-06-26 04:37:32'),(423,'adityajo','28.4595','77.0266','crime','covid','trigger chat','Thank you for reporting the covid incident. Are you in any danger ?','2020-06-26 04:39:07','2020-06-26 04:39:07'),(424,'adityajohar','28.4595','77.0266','crime','covid','trigger chat','Thank you for reporting the covid incident. Are you in any danger ?','2020-06-26 04:39:59','2020-06-26 04:39:59'),(425,'adityajohar','28.4595','77.0266','crime','covid','trigger chat','Thank you for reporting the covid problem. Do you have any more details regarding this issue ?','2020-06-26 04:53:11','2020-06-26 04:53:11'),(426,'adityajohar','28.4595','77.0266','crime','covid','no','Okay. We will continue to broadcast this issue to the network for a week or until it is resolved.','2020-06-26 04:53:17','2020-06-26 04:53:17'),(427,'adityajohar','28.4595','77.0266','crime','covid','trigger chat','Thank you for reporting the covid news. Do you have any more information or evidence regarding this news story ?','2020-06-26 05:02:05','2020-06-26 05:02:05'),(428,'adityajohar','28.4595','77.0266','crime','covid','yes','Thanks. Are you willing to speak with a reporter from a news publisher?','2020-06-26 05:07:46','2020-06-26 05:07:46'),(429,'adityajohar','28.4595','77.0266','crime','covid','yes','Okay, we will notify local news publishers to initiate a conversation with you directly through a private chat. You can choose to speak with them or not if they reach out to you. Make sure to never share any personal or identifying information.','2020-06-26 05:07:51','2020-06-26 05:07:51'),(430,'adx','28.4595','77.0266','health','covid','trigger chat','Thank you for reporting the covid. Do you have any more information to share about the incident ?','2020-06-30 02:06:50','2020-06-30 02:06:50'),(431,'adx','28.4595','77.0266','health','covid','yes','Okay. Please share with us a written report or an image.','2020-06-30 02:07:03','2020-06-30 02:07:03'),(432,'adx','28.4595','77.0266','health','covid','info shared','Thank you for the information. Would you like to discuss this incident with a relevant authority?','2020-06-30 02:07:45','2020-06-30 02:07:45'),(433,'adx','28.4595','77.0266','health','covid','yes i would','Thank you. I see your report was for the city of Gurgaon,Haryana,IN. Who would you like to speak to? You can say the police, news reporters, or the city council.','2020-06-30 02:07:55','2020-06-30 02:07:55'),(434,'adx','28.4595','77.0266','health','covid','the police','Thank you. Here are the details for POLICE in the location of Gurgaon,Haryana,IN. Name: G Police Email Address: gp@test.com. Thank you for your time !','2020-06-30 02:08:04','2020-06-30 02:08:04'),(435,'adit','28.4595','77.0266','health','covid','trigger chat','Thank you for reporting the covid. Do you have any more information to share about the incident ?','2020-06-30 02:11:39','2020-06-30 02:11:39'),(436,'adit','28.4595','77.0266','health','covid','yes i do','Okay. Please share with us a written report or an image.','2020-06-30 02:11:52','2020-06-30 02:11:52'),(437,'adit','28.4595','77.0266','health','covid','info shared','Thank you for the information. Would you like to discuss this incident with a relevant authority?','2020-06-30 02:12:06','2020-06-30 02:12:06'),(438,'aditya','28.4595','77.0266','health','covid','trigger chat','Thank you for reporting the covid. Do you have any more information to share about the incident ?','2020-06-30 02:17:30','2020-06-30 02:17:30'),(439,'aditya','28.4595','77.0266','health','covid','yes','Okay. Please share with us a written report or an image.','2020-06-30 02:17:47','2020-06-30 02:17:47'),(440,'aditya','28.4595','77.0266','health','covid','info shared','Thank you for the information. Would you like to discuss this incident with a relevant authority?','2020-06-30 02:17:54','2020-06-30 02:17:54'),(441,'aditya','28.4595','77.0266','health','covid','yes','Thank you. I see your report was for the city of Gurgaon,Haryana,IN. Who would you like to speak to? You can say the police, news reporters, or the city council.','2020-06-30 02:18:13','2020-06-30 02:18:13'),(442,'aditya','28.4595','77.0266','health','covid','police','Thank you. Here are the details for POLICE in the location of Gurgaon,Haryana,IN. Name: G Police Email Address: gp@test.com. Thank you for your time !','2020-06-30 02:18:20','2020-06-30 02:18:20'),(443,'adityax','28.4595','77.0266','health','covid','trigger chat','Thank you for reporting the covid. Do you have any more information to share about the incident ?','2020-06-30 02:21:17','2020-06-30 02:21:17'),(444,'adityax','28.4595','77.0266','health','covid','yes','Okay. Please share with us a written report or an image.','2020-06-30 02:21:22','2020-06-30 02:21:22'),(445,'adityax','28.4595','77.0266','health','covid','info shared','Thank you for the information. Would you like to discuss this incident with a relevant authority?','2020-06-30 02:21:29','2020-06-30 02:21:29'),(446,'adityax','28.4595','77.0266','health','covid','yes','Thank you. I see your report was for the city of Gurgaon,Haryana,IN. Who would you like to speak to? You can say the police, news reporters, or the city council.','2020-06-30 02:21:38','2020-06-30 02:21:38'),(447,'adityax','28.4595','77.0266','health','covid','police','I\'m sorry, I couldn\'t find the particular resource for your given area. We will continue to broadcast your report on the network. Thank you for your time !','2020-06-30 02:21:45','2020-06-30 02:21:45'),(448,'adityajo','28.4595','77.0266','health','covid','trigger chat','Thank you for reporting the covid. Do you have any more information to share about the incident ?','2020-06-30 02:27:35','2020-06-30 02:27:35'),(449,'adityajo','28.4595','77.0266','health','covid','yes','Okay. Please share with us a written report or an image.','2020-06-30 02:27:41','2020-06-30 02:27:41'),(450,'adityajo','28.4595','77.0266','health','covid','info shared','Thank you for the information. Would you like to discuss this incident with a relevant authority?','2020-06-30 02:27:47','2020-06-30 02:27:47'),(451,'adityajo','28.4595','77.0266','health','covid','yes','Thank you. I see your report was for the city of Gurgaon,Haryana,IN. Who would you like to speak to? You can say the police, news reporters, or the city council.','2020-06-30 02:27:55','2020-06-30 02:27:55'),(452,'adityajo','28.4595','77.0266','health','covid','the police','Thank you. Here are the details for POLICE in the location of Gurgaon,Haryana,IN. Name: G Police ,Email Address: gp@test.com. Thank you for your time !','2020-06-30 02:28:03','2020-06-30 02:28:03'),(453,'adityajo','28.4595','77.0266','health','covid','trigger chat','Thank you for reporting the covid. Do you have any more information to share about the incident ?','2020-06-30 02:28:36','2020-06-30 02:28:36'),(454,'adityajohar','28.4595','77.0266','crime','robbery','trigger chat','Thank you for reporting the robbery. Do you have any more information to share about the incident ?','2020-06-30 03:52:41','2020-06-30 03:52:41'),(455,'adityajohar','28.4595','77.0266','crime','robbery','yes i do','Okay. Please share with us a written report or an image.','2020-06-30 03:52:48','2020-06-30 03:52:48'),(456,'adityajohar','28.4595','77.0266','crime','robbery','info shared','Thank you for the information. Would you like to discuss this incident with a relevant authority?','2020-06-30 03:52:55','2020-06-30 03:52:55'),(457,'adityajohar','28.4595','77.0266','crime','robbery','yes','Thank you. I see your report was for the city of Gurgaon,Haryana,IN. Who would you like to speak to? You can say the police, news reporters, or the city council.','2020-06-30 03:53:03','2020-06-30 03:53:03'),(458,'aditya','28.4595','77.0266','crime','robbery','trigger chat','Thank you for reporting the robbery. Do you have any more information to share about the incident ?','2020-06-30 03:56:34','2020-06-30 03:56:34'),(459,'aditya','28.4595','77.0266','crime','robbery','yes','Okay. Please share with us a written report or an image.','2020-06-30 03:56:39','2020-06-30 03:56:39'),(460,'aditya','28.4595','77.0266','crime','robbery','info shared','Thank you for the information. Would you like to discuss this incident with a relevant authority?','2020-06-30 03:56:45','2020-06-30 03:56:45'),(461,'aditya','28.4595','77.0266','crime','robbery','yes','Thank you. I see your report was for the city of Gurgaon,Haryana,IN. Who would you like to speak to? You can say the police, news reporters, or the city council.','2020-06-30 03:56:52','2020-06-30 03:56:52'),(462,'aditya','28.4595','77.0266','crime','robbery','the police','I\'m sorry, I couldn\'t find the particular resource for your given area. We will continue to broadcast your report on the network. Thank you for your time !','2020-06-30 03:56:59','2020-06-30 03:56:59'),(463,'adi','28.4595','77.0266','crime','robbery','trigger chat','Thank you for reporting the robbery. Do you have any more information to share about the incident ?','2020-06-30 04:09:42','2020-06-30 04:09:42'),(464,'adi','28.4595','77.0266','crime','robbery','yes','Okay. Please share with us a written report or an image.','2020-06-30 04:09:48','2020-06-30 04:09:48'),(465,'adi','28.4595','77.0266','crime','robbery','info shared','Thank you for the information. Would you like to discuss this incident with a relevant authority?','2020-06-30 04:09:54','2020-06-30 04:09:54'),(466,'adi','28.4595','77.0266','crime','robbery','yes','Thank you. I see your report was for the city of Gurgaon,Haryana,IN. Who would you like to speak to? You can say the police, news reporters, or the city council.','2020-06-30 04:10:02','2020-06-30 04:10:02'),(467,'adi','28.4595','77.0266','crime','robbery','the police','I\'m sorry, I couldn\'t find the particular resource for your given area. We will continue to broadcast your report on the network. Thank you for your time !','2020-06-30 04:10:10','2020-06-30 04:10:10'),(468,'adit','28.4595','77.0266','crime','robbery','trigger chat','Thank you for reporting the robbery. Do you have any more information to share about the incident ?','2020-06-30 04:19:14','2020-06-30 04:19:14'),(469,'adit','28.4595','77.0266','crime','robbery','yes','Okay. Please share with us a written report or an image.','2020-06-30 04:19:19','2020-06-30 04:19:19'),(470,'adit','28.4595','77.0266','crime','robbery','info shared','Thank you for the information. Would you like to discuss this incident with a relevant authority?','2020-06-30 04:19:27','2020-06-30 04:19:27'),(471,'adit','28.4595','77.0266','crime','robbery','yes','Thank you. I see your report was for the city of Gurgaon,Haryana,IN. Who would you like to speak to? You can say the police, news reporters, or the city council.','2020-06-30 04:19:33','2020-06-30 04:19:33'),(472,'adit','28.4595','77.0266','crime','robbery','the police','Thank you. Here are the details for POLICE in the location of Gurgaon,Haryana,IN. Name: G Police Email Address: gp@test.com. Thank you for your time !','2020-06-30 04:20:11','2020-06-30 04:20:11'),(473,'daaman','28.4595','77.0266','crime','robbery','trigger chat','Thank you for reporting the robbery. Do you have any more information to share about the incident ?','2020-06-30 04:20:59','2020-06-30 04:20:59'),(474,'daaman','28.4595','77.0266','crime','robbery','yes','Okay. Please share with us a written report or an image.','2020-06-30 04:21:08','2020-06-30 04:21:08'),(475,'daaman','28.4595','77.0266','crime','robbery','info shared','Thank you for the information. Would you like to discuss this incident with a relevant authority?','2020-06-30 04:21:21','2020-06-30 04:21:21'),(476,'daaman','28.4595','77.0266','crime','robbery','yes','Thank you. I see your report was for the city of Gurgaon,Haryana,IN. Who would you like to speak to? You can say the police, news reporters, or the city council.','2020-06-30 04:21:29','2020-06-30 04:21:29'),(477,'daaman','28.4595','77.0266','crime','robbery','news reporters','I\'m sorry, I couldn\'t find the particular resource for your given area. We will continue to broadcast your report on the network. Thank you for your time !','2020-06-30 04:21:49','2020-06-30 04:21:49'),(478,'daaman','28.4595','77.0266','crime','robbery','trigger chat','Thank you for reporting the robbery. Do you have any more information to share about the incident ?','2020-06-30 09:21:40','2020-06-30 09:21:40'),(479,'daaman','28.4595','77.0266','crime','robbery','yes i do','Okay. Please share with us a written report or an image.','2020-06-30 09:21:50','2020-06-30 09:21:50'),(480,'daaman','28.4595','77.0266','crime','robbery','info shared','Thank you for the information. Would you like to discuss this incident with a relevant authority?','2020-06-30 09:23:28','2020-06-30 09:23:28'),(481,'daaman','28.4595','77.0266','crime','robbery','yes','Thank you. I see your report was for the city of Gurgaon,Haryana,IN. Who would you like to speak to? You can say the police, news reporters, or the city council.','2020-06-30 09:23:46','2020-06-30 09:23:46'),(482,'daaman','28.4595','77.0266','crime','robbery','the police','Thank you. Here are the details for POLICE in the location of Gurgaon,Haryana,IN. Name: G Police Email Address: gp@test.com. Thank you for your time !','2020-06-30 09:25:18','2020-06-30 09:25:18'),(483,'tester','28.4595','77.0266','crime','robbery','trigger chat','Thank you for reporting the robbery. Do you have any more information to share about the incident ?','2020-06-30 09:26:33','2020-06-30 09:26:33'),(484,'tester','28.4595','77.0266','crime','robbery','yes','Okay. Please share with us a written report or an image.','2020-06-30 09:26:52','2020-06-30 09:26:52'),(485,'tester','28.4595','77.0266','crime','robbery','info shared','Thank you for the information. Would you like to discuss this incident with a relevant authority?','2020-06-30 09:27:07','2020-06-30 09:27:07'),(486,'tester2','28.4595','77.0266','crime','robbery','trigger chat','Thank you for reporting the robbery. Do you have any more information to share about the incident ?','2020-06-30 09:28:17','2020-06-30 09:28:17'),(487,'tester2','28.4595','77.0266','crime','robbery','yes','Okay. Please share with us a written report or an image.','2020-06-30 09:28:24','2020-06-30 09:28:24'),(488,'tester2','28.4595','77.0266','crime','robbery','info shared','Thank you for the information. Would you like to discuss this incident with a relevant authority?','2020-06-30 09:28:31','2020-06-30 09:28:31'),(489,'joharaditya','28.4595','77.0266','crime','theft','trigger chat','Thank you for reporting the theft. Do you have any more information to share about the incident ?','2020-06-30 10:27:54','2020-06-30 10:27:54'),(490,'joharaditya','28.4595','77.0266','crime','theft','yes i do','Okay. Please share with us a written report or an image.','2020-06-30 10:28:14','2020-06-30 10:28:14'),(491,'joharaditya','28.4595','77.0266','crime','theft','info shared','Thank you for the information. Would you like to discuss this incident with a relevant authority?','2020-06-30 10:30:01','2020-06-30 10:30:01'),(492,'joharaditya','28.4595','77.0266','crime','theft','yes i do','Thank you. I see your report was for the city of Gurgaon,Haryana,IN. Who would you like to speak to? You can say the police, news reporters, or the city council.','2020-06-30 10:30:46','2020-06-30 10:30:46'),(493,'joharaditya','28.4595','77.0266','crime','theft','the police','Thank you. Here are the details for POLICE in the location of Gurgaon,Haryana,IN. Name: G Police Email Address: gp@test.com. Thank you for your time !','2020-06-30 10:31:02','2020-06-30 10:31:02'),(494,'johnsmith','28.4595','77.0266','crime','theft','trigger chat','Thank you for reporting the theft. Do you have any more information to share about the incident ?','2020-06-30 10:32:41','2020-06-30 10:32:41'),(495,'jacksmith','28.4595','77.0266','crime','theft','trigger chat','Thank you for reporting the theft. Do you have any more information to share about the incident ?','2020-06-30 10:33:36','2020-06-30 10:33:36'),(496,'orlandoj','28.4595','77.0266','crime','theft','trigger chat','Thank you for reporting the theft. Do you have any more information to share about the incident ?','2020-06-30 10:35:20','2020-06-30 10:35:20'),(497,'orlandoj','28.4595','77.0266','crime','theft','yes i have a lot of information','Okay. Please share with us a written report or an image.','2020-06-30 10:35:31','2020-06-30 10:35:31'),(498,'adityajo','28.4595','77.0266','health','covid','trigger chat','Thank you for reporting the covid problem.How can we help you with this product?','2020-07-02 02:50:14','2020-07-02 02:50:14'),(499,'adityajo','28.4595','77.0266','health','covid','product is broken','Thanks. Can you provide a photo of the product, where it was purchased and a receipt of the proof of purchase.','2020-07-02 02:50:28','2020-07-02 02:50:28'),(500,'adityajo','28.4595','77.0266','health','covid','trigger chat','Thank you for reporting the covid problem.How can we help you with this product?','2020-07-02 03:06:38','2020-07-02 03:06:38'),(501,'adityajo','28.4595','77.0266','health','covid','product is broken','Thanks. Can you provide a photo of the product with a receipt of the proof of purchase ?','2020-07-02 03:06:46','2020-07-02 03:06:46'),(502,'adityajo','28.4595','77.0266','health','covid','info shared','Alright, thanks. Who do think would be best to resolve the issue?','2020-07-02 03:07:10','2020-07-02 03:07:10'),(503,'adityajo','28.4595','77.0266','health','covid','the manufacturer','I\'m sorry, I couldn\'t find the particular contact for you. We will continue to broadcast your report on the network. Thank you for your time !','2020-07-02 03:07:55','2020-07-02 03:07:55'),(504,'adityajo','28.4595','77.0266','health','covid','trigger chat','Thank you for reporting about the covid .How can we help you with this product?','2020-07-02 03:18:35','2020-07-02 03:18:35'),(505,'adityajo','28.4595','77.0266','health','covid','trigger chat','Thanks. Can you provide a photo of the product with a receipt of the proof of purchase ?','2020-07-02 03:18:42','2020-07-02 03:18:42'),(506,'aditya','28.4595','77.0266','health','covid','trigger chat','Thank you for reporting about the covid .How can we help you with this product?','2020-07-02 03:18:59','2020-07-02 03:18:59'),(507,'aditya','28.4595','77.0266','health','covid','it is broken','Thanks. Can you provide a photo of the product with a receipt of the proof of purchase ?','2020-07-02 03:19:26','2020-07-02 03:19:26'),(508,'adityaj','28.4595','77.0266','health','covid','trigger chat','Thank you for reporting about the covid .How can we help you with this product?','2020-07-02 03:20:40','2020-07-02 03:20:40'),(509,'adityaj','28.4595','77.0266','health','covid','product is broken','Thanks. Can you provide a photo of the product with a receipt of the proof of purchase ?','2020-07-02 03:20:57','2020-07-02 03:20:57'),(510,'adityaj','28.4595','77.0266','health','covid','trigger chat','Thank you for reporting about the covid .How can we help you with this product?','2020-07-02 03:27:01','2020-07-02 03:27:01'),(511,'adityaj','28.4595','77.0266','health','covid','product is broken','Thanks. Can you provide a photo of the product with a receipt of the proof of purchase ?','2020-07-02 03:27:12','2020-07-02 03:27:12'),(512,'adityaj','28.4595','77.0266','health','covid','info shared','Alright, thanks. Who do think would be best to resolve the issue? You may select the manufacturer, retailer or distributor.','2020-07-02 03:27:38','2020-07-02 03:27:38'),(513,'adit','28.4595','77.0266','product','xbox console','trigger chat','Thank you for reporting about the xbox console .How can we help you with this product?','2020-07-02 03:29:49','2020-07-02 03:29:49'),(514,'adit','28.4595','77.0266','product','xbox console','it is broken','Thanks. Can you provide a photo of the product with a receipt of the proof of purchase ?','2020-07-02 03:29:58','2020-07-02 03:29:58'),(515,'adit','28.4595','77.0266','product','xbox console','trigger chat','Thank you for reporting about the xbox console .How can we help you with this product?','2020-07-02 03:36:53','2020-07-02 03:36:53'),(516,'adit','28.4595','77.0266','product','xbox console','it got stolen','Thanks. Can you provide a photo of the product with a receipt of the proof of purchase ?','2020-07-02 03:37:02','2020-07-02 03:37:02'),(517,'adit','28.4595','77.0266','product','xbox console','no','Alright, thanks. Who do think would be best to resolve the issue? You may select the manufacturer, retailer or distributor.','2020-07-02 03:37:15','2020-07-02 03:37:15'),(518,'adit','28.4595','77.0266','product','xbox console','the retailer','I\'m sorry, I couldn\'t find the particular contact for you. We will continue to broadcast your report on the network. Thank you for your time !','2020-07-02 03:37:27','2020-07-02 03:37:27'),(519,'orlandoj','28.4595','77.0266','crime','xbox','trigger chat','Thank you for reporting about the xbox .How can we help you with this product?','2020-07-02 04:17:24','2020-07-02 04:17:24'),(520,'orlandoj','28.4595','77.0266','crime','xbox','product is broken','Thanks. Is it possible to provide a photo of the product with a receipt of the proof of purchase ?','2020-07-02 04:17:34','2020-07-02 04:17:34'),(521,'orlando','28.4595','77.0266','crime','xbox','trigger chat','Thank you for reporting about the xbox .How can we help you with this product?','2020-07-02 04:20:55','2020-07-02 04:20:55'),(522,'orlando','28.4595','77.0266','crime','xbox','it is broken','Thanks. Is it possible to provide a photo of the product with a receipt of the proof of purchase ?','2020-07-02 04:21:03','2020-07-02 04:21:03'),(523,'orland','28.4595','77.0266','crime','xbox','trigger chat','Thank you for reporting about the xbox .How can we help you with this product?','2020-07-02 04:22:09','2020-07-02 04:22:09'),(524,'orland','28.4595','77.0266','crime','xbox','it is broken','Thanks. Is it possible to provide a photo of the product with a receipt of the proof of purchase ?','2020-07-02 04:22:15','2020-07-02 04:22:15'),(525,'orland','28.4595','77.0266','crime','xbox','info shared','Alright, thanks. Who do think would be best to resolve the issue? You may select the manufacturer, retailer or distributor.','2020-07-02 04:22:24','2020-07-02 04:22:24'),(526,'orland','28.4595','77.0266','crime','xbox','the manufacturer','I\'m sorry, I couldn\'t find the particular contact for you. We will continue to broadcast your report on the network. Thank you for your time !','2020-07-02 04:22:42','2020-07-02 04:22:42'),(527,'aditya','28.4595','77.0266','crime','xbox','trigger chat','Thank you for reporting about the xbox .How can we help you with this product?','2020-07-02 04:23:49','2020-07-02 04:23:49'),(528,'aditya','28.4595','77.0266','crime','xbox','it is broken','Thanks. Is it possible to provide a photo of the product with a receipt of the proof of purchase ?','2020-07-02 04:23:56','2020-07-02 04:23:56'),(529,'aditya','28.4595','77.0266','crime','xbox','info shared','Alright, thanks. Who do think would be best to resolve the issue? You may select the manufacturer, retailer or distributor.','2020-07-02 04:24:13','2020-07-02 04:24:13'),(530,'aditya','28.4595','77.0266','crime','xbox','the retailer','I\'m sorry, I couldn\'t find the particular contact for you. We will continue to broadcast your report on the network. Thank you for your time !','2020-07-02 04:24:20','2020-07-02 04:24:20'),(531,'aditya','28.4595','77.0266','crime','robbery','trigger chat','Thank you for reporting the robbery. Do you have any more information to share about the incident ?','2020-07-06 10:40:12','2020-07-06 10:40:12'),(532,'johar','28.4595','77.0266','crime','robbery','trigger chat','Thank you for reporting the robbery. Do you have any more information to share about the incident ?','2020-07-06 11:43:35','2020-07-06 11:43:35'),(533,'johar','28.4595','77.0266','crime','robbery','yes i have','Okay. Please share with us a written report or an image.','2020-07-06 11:44:36','2020-07-06 11:44:36'),(534,'johar','28.4595','77.0266','crime','robbery','info shared','Thank you for the information. Would you like to discuss this incident with a relevant authority?','2020-07-06 11:47:02','2020-07-06 11:47:02'),(535,'johar','28.4595','77.0266','crime','robbery','yes i do','Thank you. I see your report was for the city of Gurgaon,Haryana,IN. Who would you like to speak to? You can say the police, news reporters, or the city council.','2020-07-06 11:49:36','2020-07-06 11:49:36'),(536,'johar','28.4595','77.0266','crime','robbery','the police','Thank you. Here are the details for POLICE in the location of Gurgaon,Haryana,IN. Name: G Police Email Address: gp@test.com. Thank you for your time !','2020-07-06 11:51:39','2020-07-06 11:51:39'),(537,'joharaditya','28.4595','77.0266','crime','theft','trigger chat','Thank you for reporting the theft. Do you have any more information to share about the incident ?','2020-07-06 11:53:50','2020-07-06 11:53:50'),(538,'joharadit','28.4595','77.0266','crime','theft','trigger chat','Thank you for reporting the theft. Do you have any more information to share about the incident ?','2020-07-06 11:55:11','2020-07-06 11:55:11'),(539,'joharadit','28.4595','77.0266','crime','theft','yes i do','Okay. Please share with us a written report or an image.','2020-07-06 11:55:24','2020-07-06 11:55:24'),(540,'joharadi','28.4595','77.0266','crime','theft','trigger chat','Thank you for reporting the theft. Do you have any more information to share about the incident ?','2020-07-06 11:57:26','2020-07-06 11:57:26'),(541,'joharadi','28.4595','77.0266','crime','theft','yes i do','Okay. Please share with us a written report or an image.','2020-07-06 11:57:34','2020-07-06 11:57:34'),(542,'joharadi','28.4595','77.0266','crime','theft','info shared','Thank you for the information. Would you like to discuss this incident with a relevant authority?','2020-07-06 11:57:45','2020-07-06 11:57:45'),(543,'mayur','28.4595','77.0266','crime','xbox','trigger chat','Thank you for reporting about the xbox .How can we help you with this product?','2020-07-09 04:51:37','2020-07-09 04:51:37'),(544,'mayur','28.4595','77.0266','crime','xbox','it is broken','Thanks. Is it possible to provide a photo of the product with a receipt of the proof of purchase ?','2020-07-09 04:52:17','2020-07-09 04:52:17'),(545,'mayur1','28.4595','77.0266','crime','xbox','trigger chat','Thank you for reporting about the xbox .How can we help you with this product?','2020-07-09 04:54:47','2020-07-09 04:54:47'),(546,'mayur1','28.4595','77.0266','crime','xbox','it is broken','Thanks. Is it possible to provide a photo of the product with a receipt of the proof of purchase ?','2020-07-09 04:54:54','2020-07-09 04:54:54'),(547,'mayur3','28.4595','77.0266','crime','xbox','trigger chat','Thank you for reporting about the xbox .How can we help you with this product?','2020-07-09 05:09:20','2020-07-09 05:09:20'),(548,'abcd','28.4595','77.0266','crime','xbox','trigger chat','Thank you for reporting about the xbox .How can we help you with this product?','2020-07-09 05:27:58','2020-07-09 05:27:58'),(549,'abcd','28.4595','77.0266','crime','xbox','it is broken','Thanks. Is it possible to provide a photo of the product with a receipt of the proof of purchase ?','2020-07-09 05:30:07','2020-07-09 05:30:07'),(550,'aditya','28.000','74.000','crime','xbox','trigger chat','Thank you for reporting about the xbox .How can we help you with this product?','2020-07-09 23:17:50','2020-07-09 23:17:50'),(551,'aditya','28.000','74.000','crime','xbox','the product is broken','Thanks. Is it possible to provide a photo of the product with a receipt of the proof of purchase ?','2020-07-09 23:18:02','2020-07-09 23:18:02'),(552,'sendername','28.000','74.000','product','xbox','trigger chat','Thank you for reporting about the xbox .How can we help you with this product?','2020-07-09 23:36:25','2020-07-09 23:36:25'),(553,'sendername','28.000','74.000','product','xbox','product is broken','Thanks. Is it possible to provide a photo of the product with a receipt of the proof of purchase ?','2020-07-09 23:36:35','2020-07-09 23:36:35'),(554,'sendernamex','28.000','74.000','product','xbox','trigger chat','Thank you for reporting about the xbox .How can we help you with this product?','2020-07-09 23:42:30','2020-07-09 23:42:30'),(555,'sendernamex','28.000','74.000','product','xbox','it is broken','Thanks. Is it possible to provide a photo of the product with a receipt of the proof of purchase ?','2020-07-09 23:42:39','2020-07-09 23:42:39'),(556,'sender','28.000','74.000','product','xbox','trigger chat','Thank you for reporting about the xbox .How can we help you with this product?','2020-07-09 23:50:14','2020-07-09 23:50:14'),(557,'sender','28.000','74.000','product','xbox','it is broken','Thanks. Is it possible to provide a photo of the product with a receipt of the proof of purchase ?','2020-07-09 23:50:23','2020-07-09 23:50:23'),(558,'sendx','28.000','74.000','product','xbox','trigger chat','Thank you for reporting about the xbox .How can we help you with this product?','2020-07-10 00:01:13','2020-07-10 00:01:13'),(559,'sendx','28.000','74.000','product','xbox','it is broken','Thanks. Is it possible to provide a photo of the product with a receipt of the proof of purchase ?','2020-07-10 00:01:26','2020-07-10 00:01:26'),(560,'send','28.000','74.000','product','xbox','trigger chat','Thank you for reporting about the xbox .How can we help you with this product?','2020-07-10 00:03:52','2020-07-10 00:03:52'),(561,'send','28.000','74.000','product','xbox','it is stolen','Thanks. Is it possible to provide a photo of the product with a receipt of the proof of purchase ?','2020-07-10 00:04:01','2020-07-10 00:04:01'),(562,'send','28.000','74.000','product','xbox','info shared','Alright, thanks. Who do think would be best to resolve the issue? You may select the manufacturer, retailer or distributor.','2020-07-10 00:04:14','2020-07-10 00:04:14'),(563,'send','28.000','74.000','product','xbox','trigger chat','Thank you for reporting about the xbox .How can we help you with this product?','2020-07-10 00:19:28','2020-07-10 00:19:28'),(564,'send','28.000','74.000','product','xbox','it is broken','Thanks. Is it possible to provide a photo of the product with a receipt of the proof of purchase ?','2020-07-10 00:19:34','2020-07-10 00:19:34'),(565,'adityaj','28.000','74.000','crime','xbox','trigger chat','Thank you for reporting about the xbox .How can we help you with this product?','2020-07-10 00:42:58','2020-07-10 00:42:58'),(566,'daaman','70.9000','30.5000','product','makeup','chat trigger','Thank you for reporting about the makeup .How can we help you with this product?','2020-07-10 00:53:24','2020-07-10 00:53:24'),(567,'daaman','70.9000','30.5000','product','makeup','broken','Thanks. Is it possible to provide a photo of the product with a receipt of the proof of purchase ?','2020-07-10 00:53:43','2020-07-10 00:53:43'),(568,'daaman','70.9000','30.5000','product','makeup','chat trigger','Thank you for reporting about the makeup .How can we help you with this product?','2020-07-10 00:58:10','2020-07-10 00:58:10'),(569,'daaman','70.9000','30.5000','product','makeup','broken','Thanks. Is it possible to provide a photo of the product with a receipt of the proof of purchase ?','2020-07-10 00:58:21','2020-07-10 00:58:21'),(570,'daaman','70.9000','30.5000','product','makeup','chat trigger','Thank you for reporting about the makeup .How can we help you with this product?','2020-07-10 00:59:44','2020-07-10 00:59:44'),(571,'daaman','70.9000','30.5000','product','makeup','broken','Thanks. Is it possible to provide a photo of the product with a receipt of the proof of purchase ?','2020-07-10 00:59:57','2020-07-10 00:59:57'),(572,'daaman','70.9000','30.5000','product','makeup','no','Alright, thanks. Who do think would be best to resolve the issue? You may select the manufacturer, retailer or distributor.','2020-07-10 01:00:08','2020-07-10 01:00:08'),(573,'daaman','70.9000','30.5000','product','makeup','manufacturer','I\'m sorry, I couldn\'t find the particular contact for you. We will continue to broadcast your report on the network. Thank you for your time !','2020-07-10 01:00:32','2020-07-10 01:00:32'),(574,'daaman','70.9000','30.5000','product','makeup','chat trigger','Thank you for reporting about the makeup .How can we help you with this product?','2020-07-10 01:04:10','2020-07-10 01:04:10'),(575,'daaman','70.9000','30.5000','product','makeup','broken','Thanks. Is it possible to provide a photo of the product with a receipt of the proof of purchase ?','2020-07-10 01:04:18','2020-07-10 01:04:18'),(576,'daaman','70.9000','30.5000','product','makeup','no','Alright, thanks. Who do think would be best to resolve the issue? You may select the manufacturer, retailer or distributor.','2020-07-10 01:04:38','2020-07-10 01:04:38'),(577,'daaman','70.9000','30.5000','product','makeup','chat trigger','Thank you for reporting about the makeup .How can we help you with this product?','2020-07-10 01:05:24','2020-07-10 01:05:24'),(578,'daaman','70.9000','30.5000','product','makeup','broken','Thanks. Is it possible to provide a photo of the product with a receipt of the proof of purchase ?','2020-07-10 01:05:52','2020-07-10 01:05:52'),(579,'b08','28.000','74.000','crime','12 pack of bananas','trigger chat','Thank you for reporting about the 12 pack of bananas .How can we help you with this product?','2020-07-10 01:07:35','2020-07-10 01:07:35'),(580,'daaman','70.9000','30.5000','product','makeup','broken','Thanks. Is it possible to provide a photo of the product with a receipt of the proof of purchase ?','2020-07-10 01:11:04','2020-07-10 01:11:04'),(581,'b08','28.000','74.000','crime','12 pack of bananas','i was harmed','Thanks. Is it possible to provide a photo of the product with a receipt of the proof of purchase ?','2020-07-10 01:11:53','2020-07-10 01:11:53'),(582,'daaman','70.9000','30.5000','product','makeup','broken','Thanks. Is it possible to provide a photo of the product with a receipt of the proof of purchase ?','2020-07-10 01:12:59','2020-07-10 01:12:59'),(583,'b08','28.000','74.000','crime','12 pack of bananas','info shared','Alright, thanks. Who do think would be best to resolve the issue? You may select the manufacturer, retailer or distributor.','2020-07-10 01:13:26','2020-07-10 01:13:26'),(584,'b08','28.000','74.000','crime','12 pack of bananas','the retailer','I\'m sorry, I couldn\'t find the particular contact for you. We will continue to broadcast your report on the network. Thank you for your time !','2020-07-10 01:14:08','2020-07-10 01:14:08'),(585,'daaman','70.9000','30.5000','product','makeup','no','Alright, thanks. Who do think would be best to resolve the issue? You may select the manufacturer, retailer or distributor.','2020-07-10 01:14:16','2020-07-10 01:14:16'),(586,'daaman','70.9000','30.5000','product','makeup','chat trigger','Thank you for reporting about the makeup .How can we help you with this product?','2020-07-10 01:18:26','2020-07-10 01:18:26'),(587,'b09','28.000','74.000','crime','headphone','trigger chat','Thank you for reporting about the headphone .How can we help you with this product?','2020-07-10 01:19:36','2020-07-10 01:19:36'),(588,'b09','28.000','74.000','crime','headphone','trigger chat','Thanks. Is it possible to provide a photo of the product with a receipt of the proof of purchase ?','2020-07-10 01:19:50','2020-07-10 01:19:50'),(589,'daaman','70.9000','30.5000','product','makeup','chat trigger','Thank you for reporting about the makeup .How can we help you with this product?','2020-07-10 01:43:19','2020-07-10 01:43:19'),(590,'daaman','70.9000','30.5000','product','makeup','burger','Thank you for reporting about the makeup .How can we help you with this product?','2020-07-10 01:43:28','2020-07-10 01:43:28'),(591,'daaman','70.9000','30.5000','product','makeup','no','Alright, thanks. Who do think would be best to resolve the issue? You may select the manufacturer, retailer or distributor.','2020-07-10 01:44:27','2020-07-10 01:44:27'),(592,'send','28.000','74.000','product','xbox','trigger chat','Thank you for reporting about the xbox .How can we help you with this product?','2020-07-10 05:44:34','2020-07-10 05:44:34'),(593,'send','28.000','74.000','product','xbox','the product is broken','Thanks. Is it possible to provide a photo of the product with a receipt of the proof of purchase ?','2020-07-10 05:44:55','2020-07-10 05:44:55'),(594,'aditya','28.000','74.000','product','xbox','trigger chat','Thank you for reporting about the xbox .How can we help you with this product?','2020-07-10 05:45:42','2020-07-10 05:45:42'),(595,'aditya','28.000','74.000','product','xbox','it is broken','Thanks. Is it possible to provide a photo of the product with a receipt of the proof of purchase ?','2020-07-10 05:45:50','2020-07-10 05:45:50'),(596,'aditya','28.000','74.000','product','xbox','trigger chat','Thank you for reporting about the xbox .How can we help you with this product?','2020-07-10 05:48:42','2020-07-10 05:48:42'),(597,'aditya','28.000','74.000','product','xbox','can you tell me','Thanks. Is it possible to provide a photo of the product with a receipt of the proof of purchase ?','2020-07-10 05:48:51','2020-07-10 05:48:51'),(598,'aditya','28.000','74.000','product','xbox','trigger chat','Thank you for reporting about the xbox .How can we help you with this product?','2020-07-10 05:51:43','2020-07-10 05:51:43'),(599,'aditya','28.000','74.000','product','xbox','it is broken','Thanks. Is it possible to provide a photo of the product with a receipt of the proof of purchase ?','2020-07-10 05:51:53','2020-07-10 05:51:53'),(600,'aditya','28.000','74.000','product','xbox','no','Alright, thanks. Who do think would be best to resolve the issue? You may select the manufacturer, retailer or distributor.','2020-07-10 05:51:59','2020-07-10 05:51:59'),(601,'aditya','28.000','74.000','product','xbox','the manufacturer','I\'m sorry, I couldn\'t find the particular contact for you. We will continue to broadcast your report on the network. Thank you for your time !','2020-07-10 05:52:11','2020-07-10 05:52:11'),(602,'b09999','28.000','74.000','crime','headphone','trigger chat','Thank you for reporting about the headphone .How can we help you with this product?','2020-07-10 05:57:36','2020-07-10 05:57:36'),(603,'daaman','70.9000','30.5000','product','makeup','chat trigger','Thank you for reporting about the makeup .How can we help you with this product?','2020-07-10 06:13:04','2020-07-10 06:13:04'),(604,'daaman','70.9000','30.5000','product','makeup','broken','Thanks. Is it possible to provide a photo of the product with a receipt of the proof of purchase ?','2020-07-10 06:13:19','2020-07-10 06:13:19'),(605,'daaman','70.9000','30.5000','product','makeup','chat trigger','Thank you for reporting about the makeup .How can we help you with this product?','2020-07-10 06:27:41','2020-07-10 06:27:41'),(606,'daaman','70.9000','30.5000','product','makeup','broken','Thanks. Is it possible to provide a photo of the product with a receipt of the proof of purchase ?','2020-07-10 06:27:53','2020-07-10 06:27:53'),(607,'daaman','70.9000','30.5000','product','makeup','chat trigger','Thank you for reporting about the makeup .How can we help you with this product?','2020-07-10 06:30:47','2020-07-10 06:30:47'),(608,'daaman','70.9000','30.5000','product','makeup','broken','Thanks. Is it possible to provide a photo of the product with a receipt of the proof of purchase ?','2020-07-10 06:30:57','2020-07-10 06:30:57'),(609,'daaman','70.9000','30.5000','product','makeup','no','Alright, thanks. Who do think would be best to resolve the issue? You may select the manufacturer, retailer or distributor.','2020-07-10 06:31:09','2020-07-10 06:31:09'),(610,'daaman','70.9000','30.5000','product','makeup','chat trigger','Thank you for reporting the makeup problem.How can we help you with this product?','2020-07-10 06:46:43','2020-07-10 06:46:43'),(611,'daaman','70.9000','30.5000','product','makeup','broken','Thanks. Can you provide a photo of the product, where it was purchased and a receipt of the proof of purchase.','2020-07-10 06:46:53','2020-07-10 06:46:53'),(612,'daaman','70.9000','30.5000','product','makeup','chat trigger','Thank you for reporting the makeup problem.How can we help you with this product?','2020-07-10 06:49:56','2020-07-10 06:49:56'),(613,'daaman','70.9000','30.5000','product','makeup','broken','Thanks. Can you provide a photo of the product, where it was purchased and a receipt of the proof of purchase.','2020-07-10 06:50:04','2020-07-10 06:50:04'),(614,'daaman','70.9000','30.5000','product','makeup','chat trigger','Thank you for reporting the makeup problem.How can we help you with this product?','2020-07-10 06:56:29','2020-07-10 06:56:29'),(615,'daaman','70.9000','30.5000','product','makeup','broken','Thanks. Can you provide a photo of the product, where it was purchased and a receipt of the proof of purchase.','2020-07-10 06:56:49','2020-07-10 06:56:49'),(616,'daaman','70.9000','30.5000','product','makeup','chat trigger','Thank you for reporting the makeup problem.How can we help you with this product?','2020-07-10 07:02:29','2020-07-10 07:02:29'),(617,'daaman','70.9000','30.5000','product','makeup','No','Thanks. Who do think would be best to resolve the issue?','2020-07-10 07:02:44','2020-07-10 07:02:44'),(618,'daaman','70.9000','30.5000','product','makeup','chat trigger','Thank you for reporting the makeup problem.How can we help you with this product?','2020-07-10 07:04:50','2020-07-10 07:04:50'),(619,'daaman','70.9000','30.5000','product','makeup','broken','Thanks. Can you provide a photo of the product, where it was purchased and a receipt of the proof of purchase.','2020-07-10 07:04:55','2020-07-10 07:04:55'),(620,'daaman','70.9000','30.5000','product','makeup','chat trigger','Thank you for reporting the makeup problem.How can we help you with this product?','2020-07-10 07:08:26','2020-07-10 07:08:26'),(621,'daaman','70.9000','30.5000','product','makeup','stolen','Thanks. Can you provide a photo of the product, where it was purchased and a receipt of the proof of purchase.','2020-07-10 07:08:38','2020-07-10 07:08:38'),(622,'daaman','70.9000','30.5000','product','makeup','no','Thanks. Who do think would be best to resolve the issue?','2020-07-10 07:08:50','2020-07-10 07:08:50'),(623,'daaman','70.9000','30.5000','product','makeup','chat trigger','Thank you for reporting the makeup problem.How can we help you with this product?','2020-07-10 07:20:29','2020-07-10 07:20:29'),(624,'daaman','70.9000','30.5000','product','makeup','broken','Thanks. Can you provide a photo of the product, where it was purchased and a receipt of the proof of purchase.','2020-07-10 07:20:46','2020-07-10 07:20:46'),(625,'daaman','70.9000','30.5000','product','makeup','chat trigger','Thank you for reporting the makeup problem.How can we help you with this product?','2020-07-10 07:25:38','2020-07-10 07:25:38'),(626,'daaman','70.9000','30.5000','product','makeup','broken','Thanks. Can you provide a photo of the product, where it was purchased and a receipt of the proof of purchase.','2020-07-10 07:25:48','2020-07-10 07:25:48'),(627,'daaman','70.9000','30.5000','product','makeup','chat trigger','Thank you for reporting the makeup problem.How can we help you with this product?','2020-07-10 07:28:24','2020-07-10 07:28:24'),(628,'daaman','70.9000','30.5000','product','makeup','stolen','Thanks. Can you provide a photo of the product, where it was purchased and a receipt of the proof of purchase.','2020-07-10 07:28:41','2020-07-10 07:28:41'),(629,'daaman','70.9000','30.5000','product','makeup','no','Thanks. Who do think would be best to resolve the issue?','2020-07-10 07:28:48','2020-07-10 07:28:48'),(630,'daaman','70.9000','30.5000','product','makeup','chat trigger','Thank you for reporting about the makeup .How can we help you with this product?','2020-07-10 07:31:30','2020-07-10 07:31:30'),(631,'daaman','70.9000','30.5000','product','makeup','stolen','Thanks. Is it possible to provide a photo of the product with a receipt of the proof of purchase ?','2020-07-10 07:31:45','2020-07-10 07:31:45'),(632,'daaman','70.9000','30.5000','product','makeup','no','Alright, thanks. Who do think would be best to resolve the issue? You may select the manufacturer, retailer or distributor.','2020-07-10 07:31:57','2020-07-10 07:31:57'),(633,'daaman','70.9000','30.5000','product','makeup','retailer','I\'m sorry, I couldn\'t find the particular contact for you. We will continue to broadcast your report on the network. Thank you for your time !','2020-07-10 07:32:19','2020-07-10 07:32:19'),(634,'daaman','70.9000','30.5000','product','makeup','chat trigger','Thank you for reporting about the makeup .How can we help you with this product?','2020-07-10 07:35:42','2020-07-10 07:35:42'),(635,'daaman','70.9000','30.5000','product','makeup','stolen','Thanks. Is it possible to provide a photo of the product with a receipt of the proof of purchase ?','2020-07-10 07:35:58','2020-07-10 07:35:58'),(636,'daaman','70.9000','30.5000','product','makeup','chat trigger','Thank you for reporting about the makeup .How can we help you with this product?','2020-07-10 07:42:44','2020-07-10 07:42:44'),(637,'daaman','70.9000','30.5000','product','makeup','broken','Thanks. Is it possible to provide a photo of the product with a receipt of the proof of purchase ?','2020-07-10 07:42:48','2020-07-10 07:42:48'),(638,'daaman','70.9000','30.5000','product','makeup','chat trigger','Thank you for reporting about the makeup .How can we help you with this product?','2020-07-10 07:45:22','2020-07-10 07:45:22'),(639,'daaman','70.9000','30.5000','product','makeup','broken','Thanks. Is it possible to provide a photo of the product with a receipt of the proof of purchase ?','2020-07-10 07:45:30','2020-07-10 07:45:30'),(640,'daaman','70.9000','30.5000','product','makeup','chat trigger','Thank you for reporting about the makeup .How can we help you with this product?','2020-07-10 07:56:45','2020-07-10 07:56:45'),(641,'daaman','70.9000','30.5000','product','makeup','broken','Thanks. Is it possible to provide a photo of the product with a receipt of the proof of purchase ?','2020-07-10 07:57:59','2020-07-10 07:57:59'),(642,'daaman','70.9000','30.5000','product','makeup','chat trigger','Thank you for reporting about the makeup .How can we help you with this product?','2020-07-10 08:03:22','2020-07-10 08:03:22'),(643,'daaman','70.9000','30.5000','product','makeup','broken','Thanks. Is it possible to provide a photo of the product with a receipt of the proof of purchase ?','2020-07-10 08:05:18','2020-07-10 08:05:18'),(644,'daaman','70.9000','30.5000','product','makeup','chat trigger','Thank you for reporting about the makeup .How can we help you with this product?','2020-07-10 08:09:36','2020-07-10 08:09:36'),(645,'daaman','70.9000','30.5000','product','makeup','broken','Thanks. Is it possible to provide a photo of the product with a receipt of the proof of purchase ?','2020-07-10 08:09:45','2020-07-10 08:09:45'),(646,'daaman','70.9000','30.5000','product','makeup','chat trigger','Thank you for reporting about the makeup .How can we help you with this product?','2020-07-10 08:18:38','2020-07-10 08:18:38'),(647,'daaman','70.9000','30.5000','product','makeup','broken','Thanks. Is it possible to provide a photo of the product with a receipt of the proof of purchase ?','2020-07-10 08:19:07','2020-07-10 08:19:07'),(648,'daaman','70.9000','30.5000','product','makeup','chat trigger','Thank you for reporting about the makeup .How can we help you with this product?','2020-07-10 08:27:49','2020-07-10 08:27:49'),(649,'daaman','70.9000','30.5000','product','makeup','broken','Thanks. Is it possible to provide a photo of the product with a receipt of the proof of purchase ?','2020-07-10 08:28:03','2020-07-10 08:28:03'),(650,'daaman','70.9000','30.5000','product','makeup','chat trigger','Thank you for reporting about the makeup .How can we help you with this product?','2020-07-10 08:30:43','2020-07-10 08:30:43'),(651,'daaman','70.9000','30.5000','product','makeup','broken','Thanks. Is it possible to provide a photo of the product with a receipt of the proof of purchase ?','2020-07-10 08:30:54','2020-07-10 08:30:54'),(652,'daaman','70.9000','30.5000','product','makeup','brgrgr','Thanks. Is it possible to provide a photo of the product with a receipt of the proof of purchase ?','2020-07-10 08:31:10','2020-07-10 08:31:10'),(653,'daaman','70.9000','30.5000','product','makeup','no','Alright, thanks. Who do think would be best to resolve the issue? You may select the manufacturer, retailer or distributor.','2020-07-10 08:31:25','2020-07-10 08:31:25'),(654,'daaman','70.9000','30.5000','product','makeup','chat trigger','Thank you for reporting about the makeup .How can we help you with this product?','2020-07-10 08:31:43','2020-07-10 08:31:43'),(655,'daaman','70.9000','30.5000','product','makeup','stolen','Thanks. Is it possible to provide a photo of the product with a receipt of the proof of purchase ?','2020-07-10 08:31:50','2020-07-10 08:31:50'),(656,'daaman','70.9000','30.5000','product','makeup','no','Alright, thanks. Who do think would be best to resolve the issue? You may select the manufacturer, retailer or distributor.','2020-07-10 08:32:40','2020-07-10 08:32:40'),(657,'daaman','70.9000','30.5000','product','makeup','chat trigger','Thank you for reporting about the makeup .How can we help you with this product?','2020-07-10 08:33:08','2020-07-10 08:33:08'),(658,'daaman','70.9000','30.5000','product','makeup','broken','Thanks. Is it possible to provide a photo of the product with a receipt of the proof of purchase ?','2020-07-10 08:33:23','2020-07-10 08:33:23'),(659,'daaman','70.9000','30.5000','product','makeup','no','Alright, thanks. Who do think would be best to resolve the issue? You may select the manufacturer, retailer or distributor.','2020-07-10 08:37:10','2020-07-10 08:37:10'),(660,'aditya','28.000','74.000','crime','94840204849033','trigger chat','Thank you for reporting about the 94840204849033 .How can we help you with this product?','2020-07-10 09:29:19','2020-07-10 09:29:19'),(661,'joharx','28.000','74.000','crime','cellphone','trigger chat','Thank you for reporting about the cellphone .How can we help you with this product?','2020-07-10 09:38:34','2020-07-10 09:38:34'),(662,'joharx','28.000','74.000','crime','cellphone','it was broken','Thanks. Is it possible to provide a photo of the product with a receipt of the proof of purchase ?','2020-07-10 09:38:55','2020-07-10 09:38:55'),(663,'joharx','28.000','74.000','crime','cellphone','info shared','Alright, thanks. Who do think would be best to resolve the issue? You may select the manufacturer, retailer or distributor.','2020-07-10 09:39:36','2020-07-10 09:39:36'),(664,'joharx','28.000','74.000','crime','cellphone','the manufacturer','I\'m sorry, I couldn\'t find the particular contact for you. We will continue to broadcast your report on the network. Thank you for your time !','2020-07-10 09:39:58','2020-07-10 09:39:58');
/*!40000 ALTER TABLE `chatbot_request_history` ENABLE KEYS */;
UNLOCK TABLES;

--
-- Table structure for table `chatbots`
--

DROP TABLE IF EXISTS `chatbots`;
/*!40101 SET @saved_cs_client     = @@character_set_client */;
/*!40101 SET character_set_client = utf8 */;
CREATE TABLE `chatbots` (
  `id` bigint(20) unsigned NOT NULL AUTO_INCREMENT,
  `name` varchar(255) COLLATE utf8mb4_unicode_ci NOT NULL,
  `status` enum('0','1','2') COLLATE utf8mb4_unicode_ci NOT NULL DEFAULT '1' COMMENT '0 => Inactive, 1 => Active, 2 => Testing',
  `created_by` bigint(20) unsigned NOT NULL,
  `last_updated_by` bigint(20) unsigned DEFAULT NULL,
  `created_at` timestamp NULL DEFAULT NULL,
  `updated_at` timestamp NULL DEFAULT NULL,
  PRIMARY KEY (`id`),
  KEY `chatbots_created_by_index` (`created_by`),
  KEY `chatbots_last_updated_by_index` (`last_updated_by`),
  CONSTRAINT `chatbots_created_by_foreign` FOREIGN KEY (`created_by`) REFERENCES `users` (`id`) ON DELETE CASCADE,
  CONSTRAINT `chatbots_last_updated_by_foreign` FOREIGN KEY (`last_updated_by`) REFERENCES `users` (`id`) ON DELETE CASCADE
) ENGINE=InnoDB AUTO_INCREMENT=8 DEFAULT CHARSET=utf8mb4 COLLATE=utf8mb4_unicode_ci;
/*!40101 SET character_set_client = @saved_cs_client */;

--
-- Dumping data for table `chatbots`
--

LOCK TABLES `chatbots` WRITE;
/*!40000 ALTER TABLE `chatbots` DISABLE KEYS */;
INSERT INTO `chatbots` VALUES (1,'CB1 - crime','1',1,1,'2020-05-20 08:40:05','2020-06-23 14:40:50'),(2,'CB2 - City','2',1,1,'2020-06-23 14:39:51','2020-06-23 14:41:00'),(3,'CB3 - School','2',1,1,'2020-06-23 14:40:10','2020-06-23 14:41:17'),(4,'CB4 - Health','2',1,1,'2020-06-23 14:40:27','2020-06-23 14:42:16'),(5,'CB5 - Cybersecurity','2',1,NULL,'2020-06-23 14:42:41','2020-06-23 14:42:41'),(6,'CB6 - News','2',1,NULL,'2020-06-23 14:43:06','2020-06-23 14:43:06'),(7,'CB7 - Birthmark General','1',1,NULL,'2020-06-23 14:43:33','2020-06-23 14:43:33');
/*!40000 ALTER TABLE `chatbots` ENABLE KEYS */;
UNLOCK TABLES;

--
-- Table structure for table `failed_jobs`
--

DROP TABLE IF EXISTS `failed_jobs`;
/*!40101 SET @saved_cs_client     = @@character_set_client */;
/*!40101 SET character_set_client = utf8 */;
CREATE TABLE `failed_jobs` (
  `id` bigint(20) unsigned NOT NULL AUTO_INCREMENT,
  `connection` text COLLATE utf8mb4_unicode_ci NOT NULL,
  `queue` text COLLATE utf8mb4_unicode_ci NOT NULL,
  `payload` longtext COLLATE utf8mb4_unicode_ci NOT NULL,
  `exception` longtext COLLATE utf8mb4_unicode_ci NOT NULL,
  `failed_at` timestamp NOT NULL DEFAULT CURRENT_TIMESTAMP,
  PRIMARY KEY (`id`)
) ENGINE=InnoDB DEFAULT CHARSET=utf8mb4 COLLATE=utf8mb4_unicode_ci;
/*!40101 SET character_set_client = @saved_cs_client */;

--
-- Dumping data for table `failed_jobs`
--

LOCK TABLES `failed_jobs` WRITE;
/*!40000 ALTER TABLE `failed_jobs` DISABLE KEYS */;
/*!40000 ALTER TABLE `failed_jobs` ENABLE KEYS */;
UNLOCK TABLES;

--
-- Table structure for table `jurisdiction_resource`
--

DROP TABLE IF EXISTS `jurisdiction_resource`;
/*!40101 SET @saved_cs_client     = @@character_set_client */;
/*!40101 SET character_set_client = utf8 */;
CREATE TABLE `jurisdiction_resource` (
  `jurisdiction_id` bigint(20) unsigned NOT NULL,
  `resource_id` bigint(20) unsigned NOT NULL,
  KEY `jurisdiction_resource_jurisdiction_id_index` (`jurisdiction_id`),
  KEY `jurisdiction_resource_resource_id_index` (`resource_id`),
  CONSTRAINT `jurisdiction_resource_jurisdiction_id_foreign` FOREIGN KEY (`jurisdiction_id`) REFERENCES `jurisdictions` (`id`) ON DELETE CASCADE,
  CONSTRAINT `jurisdiction_resource_resource_id_foreign` FOREIGN KEY (`resource_id`) REFERENCES `resources` (`id`) ON DELETE CASCADE
) ENGINE=InnoDB DEFAULT CHARSET=utf8mb4 COLLATE=utf8mb4_unicode_ci;
/*!40101 SET character_set_client = @saved_cs_client */;

--
-- Dumping data for table `jurisdiction_resource`
--

LOCK TABLES `jurisdiction_resource` WRITE;
/*!40000 ALTER TABLE `jurisdiction_resource` DISABLE KEYS */;
INSERT INTO `jurisdiction_resource` VALUES (6,1),(4,2),(7,4),(1,5),(1,6),(7,3);
/*!40000 ALTER TABLE `jurisdiction_resource` ENABLE KEYS */;
UNLOCK TABLES;

--
-- Table structure for table `jurisdictions`
--

DROP TABLE IF EXISTS `jurisdictions`;
/*!40101 SET @saved_cs_client     = @@character_set_client */;
/*!40101 SET character_set_client = utf8 */;
CREATE TABLE `jurisdictions` (
  `id` bigint(20) unsigned NOT NULL AUTO_INCREMENT,
  `name` varchar(255) COLLATE utf8mb4_unicode_ci NOT NULL,
  `min_lat` varchar(255) COLLATE utf8mb4_unicode_ci NOT NULL,
  `min_lng` varchar(255) COLLATE utf8mb4_unicode_ci NOT NULL,
  `max_lat` varchar(255) COLLATE utf8mb4_unicode_ci NOT NULL,
  `max_lng` varchar(255) COLLATE utf8mb4_unicode_ci NOT NULL,
  `point1_lat` varchar(255) COLLATE utf8mb4_unicode_ci NOT NULL,
  `point1_lng` varchar(255) COLLATE utf8mb4_unicode_ci NOT NULL,
  `point2_lat` varchar(255) COLLATE utf8mb4_unicode_ci NOT NULL,
  `point2_lng` varchar(255) COLLATE utf8mb4_unicode_ci NOT NULL,
  `point3_lat` varchar(255) COLLATE utf8mb4_unicode_ci NOT NULL,
  `point3_lng` varchar(255) COLLATE utf8mb4_unicode_ci NOT NULL,
  `point4_lat` varchar(255) COLLATE utf8mb4_unicode_ci NOT NULL,
  `point4_lng` varchar(255) COLLATE utf8mb4_unicode_ci NOT NULL,
  `created_by` bigint(20) unsigned NOT NULL,
  `last_updated_by` bigint(20) unsigned DEFAULT NULL,
  `status` enum('0','1') COLLATE utf8mb4_unicode_ci NOT NULL DEFAULT '1' COMMENT '0 => Inactive, 1 => Active',
  `created_at` timestamp NULL DEFAULT NULL,
  `updated_at` timestamp NULL DEFAULT NULL,
  PRIMARY KEY (`id`),
  KEY `jurisdictions_created_by_index` (`created_by`),
  KEY `jurisdictions_last_updated_by_index` (`last_updated_by`),
  CONSTRAINT `jurisdictions_created_by_foreign` FOREIGN KEY (`created_by`) REFERENCES `users` (`id`) ON DELETE CASCADE,
  CONSTRAINT `jurisdictions_last_updated_by_foreign` FOREIGN KEY (`last_updated_by`) REFERENCES `users` (`id`) ON DELETE CASCADE
) ENGINE=InnoDB AUTO_INCREMENT=8 DEFAULT CHARSET=utf8mb4 COLLATE=utf8mb4_unicode_ci;
/*!40101 SET character_set_client = @saved_cs_client */;

--
-- Dumping data for table `jurisdictions`
--

LOCK TABLES `jurisdictions` WRITE;
/*!40000 ALTER TABLE `jurisdictions` DISABLE KEYS */;
INSERT INTO `jurisdictions` VALUES (1,'J1','20.675952037130187','77.75440390624999','23.88783798099876','84.65381796874999','23.68677754432732','77.75440390624999','23.88783798099876','84.65381796874999','20.675952037130187','84.60987265624999','22.026573599272535','79.02881796874999',1,NULL,'1','2020-05-21 09:01:03','2020-05-21 09:01:03'),(3,'1','11.654378972337776','75.90870078124999','15.709768722550297','80.12745078124999','15.286295387213624','75.90870078124999','15.709768722550297','80.12745078124999','12.342138943854819','79.73194296874999','11.654378972337776','76.26026328124999',1,1,'1','2020-05-22 05:08:12','2020-05-26 08:13:39'),(4,'Alberta','49.008537502245','-119.9987752999701','60.108280472722655','-110.0231893624701','49.008537502245','-110.0671346749701','60.02056112520303','-110.0231893624701','60.108280472722655','-119.9987752999701','49.23860990131901','-119.4714315499701',1,NULL,'1','2020-06-04 10:20:56','2020-06-04 10:20:56'),(5,'Jabalpur','23.043330267296056','79.78034282464486','23.2630367395826','80.12366557855111','23.24032520722004','79.80506206292611','23.2630367395826','80.12366557855111','23.068602193138467','80.12366557855111','23.043330267296056','79.78034282464486',4,NULL,'1','2020-06-05 03:48:27','2020-06-05 03:48:27'),(6,'Mumbai','18.793988778450206','72.59632285156249','19.375404489458028','73.25550253906249','19.375404489458028','72.59632285156249','19.375404489458028','73.25550253906249','18.991483307906154','73.25550253906249','18.793988778450206','72.70618613281249',4,NULL,'1','2020-06-13 02:08:41','2020-06-13 02:08:41'),(7,'Gurugram','28.403094850140725','76.95507350185547','28.507533399558785','77.09171595791015','28.502102725141356','76.97567286708984','28.507533399558785','77.0834762118164','28.416381777022057','77.09171595791015','28.403094850140725','76.95507350185547',1,NULL,'1','2020-06-13 05:49:48','2020-06-13 05:49:48');
/*!40000 ALTER TABLE `jurisdictions` ENABLE KEYS */;
UNLOCK TABLES;

--
-- Table structure for table `migrations`
--

DROP TABLE IF EXISTS `migrations`;
/*!40101 SET @saved_cs_client     = @@character_set_client */;
/*!40101 SET character_set_client = utf8 */;
CREATE TABLE `migrations` (
  `id` int(10) unsigned NOT NULL AUTO_INCREMENT,
  `migration` varchar(255) COLLATE utf8mb4_unicode_ci NOT NULL,
  `batch` int(11) NOT NULL,
  PRIMARY KEY (`id`)
) ENGINE=InnoDB AUTO_INCREMENT=22 DEFAULT CHARSET=utf8mb4 COLLATE=utf8mb4_unicode_ci;
/*!40101 SET character_set_client = @saved_cs_client */;

--
-- Dumping data for table `migrations`
--

LOCK TABLES `migrations` WRITE;
/*!40000 ALTER TABLE `migrations` DISABLE KEYS */;
INSERT INTO `migrations` VALUES (1,'2014_10_12_000000_create_users_table',1),(2,'2014_10_12_100000_create_password_resets_table',1),(3,'2019_08_19_000000_create_failed_jobs_table',1),(4,'2020_05_14_100859_create_permission_tables',1),(5,'2020_05_15_072414_create_app_categories_table',1),(6,'2020_05_15_072708_create_app_sub_categories_table',1),(7,'2020_05_15_073147_create_apps_table',1),(8,'2020_05_15_080341_create_chatbots_table',1),(9,'2020_05_19_104011_create_app_chatbot_table',1),(10,'2020_05_20_062730_create_resource_categories_table',1),(11,'2020_05_20_063617_create_resource_sub_categories_table',1),(12,'2020_05_20_072858_create_resource_authority_levels_table',1),(13,'2020_05_20_095806_create_resources_table',1),(14,'2020_05_20_102452_create_app_resource_table',1),(15,'2020_05_21_130946_create_jurisdictions_table',2),(16,'2020_05_22_115453_create_jurisdiction_resource_table',3),(17,'2020_05_26_112817_add_module_action_column_permissions_table',4),(18,'2020_05_29_070304_add_columns_users_table',5),(19,'2020_06_15_073804_chatbot_request_history_table',6),(20,'2020_06_17_100448_add_website_column_resources_table',7),(21,'2020_06_22_140926_create_sender_reports_table',8);
/*!40000 ALTER TABLE `migrations` ENABLE KEYS */;
UNLOCK TABLES;

--
-- Table structure for table `model_has_permissions`
--

DROP TABLE IF EXISTS `model_has_permissions`;
/*!40101 SET @saved_cs_client     = @@character_set_client */;
/*!40101 SET character_set_client = utf8 */;
CREATE TABLE `model_has_permissions` (
  `permission_id` bigint(20) unsigned NOT NULL,
  `model_type` varchar(255) COLLATE utf8mb4_unicode_ci NOT NULL,
  `model_id` bigint(20) unsigned NOT NULL,
  PRIMARY KEY (`permission_id`,`model_id`,`model_type`),
  KEY `model_has_permissions_model_id_model_type_index` (`model_id`,`model_type`),
  CONSTRAINT `model_has_permissions_permission_id_foreign` FOREIGN KEY (`permission_id`) REFERENCES `permissions` (`id`) ON DELETE CASCADE
) ENGINE=InnoDB DEFAULT CHARSET=utf8mb4 COLLATE=utf8mb4_unicode_ci;
/*!40101 SET character_set_client = @saved_cs_client */;

--
-- Dumping data for table `model_has_permissions`
--

LOCK TABLES `model_has_permissions` WRITE;
/*!40000 ALTER TABLE `model_has_permissions` DISABLE KEYS */;
/*!40000 ALTER TABLE `model_has_permissions` ENABLE KEYS */;
UNLOCK TABLES;

--
-- Table structure for table `model_has_roles`
--

DROP TABLE IF EXISTS `model_has_roles`;
/*!40101 SET @saved_cs_client     = @@character_set_client */;
/*!40101 SET character_set_client = utf8 */;
CREATE TABLE `model_has_roles` (
  `role_id` bigint(20) unsigned NOT NULL,
  `model_type` varchar(255) COLLATE utf8mb4_unicode_ci NOT NULL,
  `model_id` bigint(20) unsigned NOT NULL,
  PRIMARY KEY (`role_id`,`model_id`,`model_type`),
  KEY `model_has_roles_model_id_model_type_index` (`model_id`,`model_type`),
  CONSTRAINT `model_has_roles_role_id_foreign` FOREIGN KEY (`role_id`) REFERENCES `roles` (`id`) ON DELETE CASCADE
) ENGINE=InnoDB DEFAULT CHARSET=utf8mb4 COLLATE=utf8mb4_unicode_ci;
/*!40101 SET character_set_client = @saved_cs_client */;

--
-- Dumping data for table `model_has_roles`
--

LOCK TABLES `model_has_roles` WRITE;
/*!40000 ALTER TABLE `model_has_roles` DISABLE KEYS */;
INSERT INTO `model_has_roles` VALUES (1,'App\\User',1),(2,'App\\User',2),(2,'App\\User',4);
/*!40000 ALTER TABLE `model_has_roles` ENABLE KEYS */;
UNLOCK TABLES;

--
-- Table structure for table `password_resets`
--

DROP TABLE IF EXISTS `password_resets`;
/*!40101 SET @saved_cs_client     = @@character_set_client */;
/*!40101 SET character_set_client = utf8 */;
CREATE TABLE `password_resets` (
  `email` varchar(255) COLLATE utf8mb4_unicode_ci NOT NULL,
  `token` varchar(255) COLLATE utf8mb4_unicode_ci NOT NULL,
  `created_at` timestamp NULL DEFAULT NULL,
  KEY `password_resets_email_index` (`email`)
) ENGINE=InnoDB DEFAULT CHARSET=utf8mb4 COLLATE=utf8mb4_unicode_ci;
/*!40101 SET character_set_client = @saved_cs_client */;

--
-- Dumping data for table `password_resets`
--

LOCK TABLES `password_resets` WRITE;
/*!40000 ALTER TABLE `password_resets` DISABLE KEYS */;
INSERT INTO `password_resets` VALUES ('superadmin@intelli.com','$2y$10$eGlQPGbBNesNRFh5zs1Cd.X2DFWCa.2y/qU3wn2HOFpGUbW3x8.dW','2020-05-22 07:47:57');
/*!40000 ALTER TABLE `password_resets` ENABLE KEYS */;
UNLOCK TABLES;

--
-- Table structure for table `permissions`
--

DROP TABLE IF EXISTS `permissions`;
/*!40101 SET @saved_cs_client     = @@character_set_client */;
/*!40101 SET character_set_client = utf8 */;
CREATE TABLE `permissions` (
  `id` bigint(20) unsigned NOT NULL AUTO_INCREMENT,
  `module` varchar(255) COLLATE utf8mb4_unicode_ci NOT NULL,
  `action` varchar(255) COLLATE utf8mb4_unicode_ci NOT NULL,
  `name` varchar(255) COLLATE utf8mb4_unicode_ci NOT NULL,
  `guard_name` varchar(255) COLLATE utf8mb4_unicode_ci NOT NULL,
  `created_at` timestamp NULL DEFAULT NULL,
  `updated_at` timestamp NULL DEFAULT NULL,
  PRIMARY KEY (`id`)
) ENGINE=InnoDB AUTO_INCREMENT=27 DEFAULT CHARSET=utf8mb4 COLLATE=utf8mb4_unicode_ci;
/*!40101 SET character_set_client = @saved_cs_client */;

--
-- Dumping data for table `permissions`
--

LOCK TABLES `permissions` WRITE;
/*!40000 ALTER TABLE `permissions` DISABLE KEYS */;
INSERT INTO `permissions` VALUES (1,'Role','List','role-list','web','2020-05-25 20:46:09','2020-05-25 20:46:09'),(2,'Role','Create','role-create','web','2020-05-25 20:46:10','2020-05-25 20:46:10'),(3,'Role','Update','role-edit','web','2020-05-25 20:46:10','2020-05-25 20:46:10'),(4,'Role','Delete','role-delete','web','2020-05-25 20:46:10','2020-05-25 20:46:10'),(5,'User','List','user-list','web','2020-05-25 20:46:10','2020-05-25 20:46:10'),(6,'User','Create','user-create','web','2020-05-25 20:46:10','2020-05-25 20:46:10'),(7,'User','Update','user-edit','web','2020-05-25 20:46:10','2020-05-25 20:46:10'),(8,'User','Delete','user-delete','web','2020-05-25 20:46:10','2020-05-25 20:46:10'),(9,'App','List','app-list','web','2020-05-25 15:16:09','2020-05-25 15:16:09'),(10,'App','Create','app-create','web','2020-05-25 15:16:10','2020-05-25 15:16:10'),(11,'App','Update','app-edit','web','2020-05-25 15:16:10','2020-05-25 15:16:10'),(12,'App','Delete','app-delete','web','2020-05-25 15:16:10','2020-05-25 15:16:10'),(13,'Chatbot','List','chatbot-list','web','2020-05-25 15:16:09','2020-05-25 15:16:09'),(14,'Chatbot','Create','chatbot-create','web','2020-05-25 15:16:10','2020-05-25 15:16:10'),(15,'Chatbot','Update','chatbot-edit','web','2020-05-25 15:16:10','2020-05-25 15:16:10'),(16,'Chatbot','Delete','chatbot-delete','web','2020-05-25 15:16:10','2020-05-25 15:16:10'),(17,'Resource','List','resource-list','web','2020-05-25 15:16:09','2020-05-25 15:16:09'),(18,'Resource','Create','resource-create','web','2020-05-25 15:16:10','2020-05-25 15:16:10'),(19,'Resource','Update','resource-edit','web','2020-05-25 15:16:10','2020-05-25 15:16:10'),(20,'Resource','Delete','resource-delete','web','2020-05-25 15:16:10','2020-05-25 15:16:10'),(21,'Jurisdiction','List','jurisdiction-list','web','2020-05-25 15:16:09','2020-05-25 15:16:09'),(22,'Jurisdiction','Create','jurisdiction-create','web','2020-05-25 15:16:10','2020-05-25 15:16:10'),(23,'Jurisdiction','Update','jurisdiction-edit','web','2020-05-25 15:16:10','2020-05-25 15:16:10'),(24,'Jurisdiction','Delete','jurisdiction-delete','web','2020-05-25 15:16:10','2020-05-25 15:16:10'),(25,'Chatbot Request History','List','chatbot-request-history-list','web','2020-05-25 15:16:10','2020-05-25 15:16:10'),(26,'Sender Report','List','sender-report-list','web','2020-06-28 18:30:00','2020-06-28 18:30:00');
/*!40000 ALTER TABLE `permissions` ENABLE KEYS */;
UNLOCK TABLES;

--
-- Table structure for table `resource_authority_levels`
--

DROP TABLE IF EXISTS `resource_authority_levels`;
/*!40101 SET @saved_cs_client     = @@character_set_client */;
/*!40101 SET character_set_client = utf8 */;
CREATE TABLE `resource_authority_levels` (
  `id` bigint(20) unsigned NOT NULL AUTO_INCREMENT,
  `name` varchar(255) COLLATE utf8mb4_unicode_ci NOT NULL,
  `status` enum('0','1') COLLATE utf8mb4_unicode_ci NOT NULL DEFAULT '1' COMMENT '0 => Inactive, 1 => Active',
  `created_at` timestamp NULL DEFAULT NULL,
  `updated_at` timestamp NULL DEFAULT NULL,
  PRIMARY KEY (`id`)
) ENGINE=InnoDB AUTO_INCREMENT=4 DEFAULT CHARSET=utf8mb4 COLLATE=utf8mb4_unicode_ci;
/*!40101 SET character_set_client = @saved_cs_client */;

--
-- Dumping data for table `resource_authority_levels`
--

LOCK TABLES `resource_authority_levels` WRITE;
/*!40000 ALTER TABLE `resource_authority_levels` DISABLE KEYS */;
INSERT INTO `resource_authority_levels` VALUES (1,'Level 1','1','2020-05-20 08:34:31','2020-05-20 08:34:31'),(2,'Level 2','1','2020-05-20 08:34:31','2020-05-20 08:34:31'),(3,'Level 3','1','2020-05-20 08:34:31','2020-05-20 08:34:31');
/*!40000 ALTER TABLE `resource_authority_levels` ENABLE KEYS */;
UNLOCK TABLES;

--
-- Table structure for table `resource_categories`
--

DROP TABLE IF EXISTS `resource_categories`;
/*!40101 SET @saved_cs_client     = @@character_set_client */;
/*!40101 SET character_set_client = utf8 */;
CREATE TABLE `resource_categories` (
  `id` bigint(20) unsigned NOT NULL AUTO_INCREMENT,
  `name` varchar(255) COLLATE utf8mb4_unicode_ci NOT NULL,
  `status` enum('0','1') COLLATE utf8mb4_unicode_ci NOT NULL DEFAULT '1' COMMENT '0 => Inactive, 1 => Active',
  `created_at` timestamp NULL DEFAULT NULL,
  `updated_at` timestamp NULL DEFAULT NULL,
  PRIMARY KEY (`id`)
) ENGINE=InnoDB AUTO_INCREMENT=4 DEFAULT CHARSET=utf8mb4 COLLATE=utf8mb4_unicode_ci;
/*!40101 SET character_set_client = @saved_cs_client */;

--
-- Dumping data for table `resource_categories`
--

LOCK TABLES `resource_categories` WRITE;
/*!40000 ALTER TABLE `resource_categories` DISABLE KEYS */;
INSERT INTO `resource_categories` VALUES (1,'POLICE','1','2020-05-20 08:34:30','2020-05-20 08:34:30'),(2,'DOCTOR','1','2020-05-20 08:34:30','2020-05-20 08:34:30'),(3,'TEACHER','1','2020-05-20 08:34:30','2020-05-20 08:34:30');
/*!40000 ALTER TABLE `resource_categories` ENABLE KEYS */;
UNLOCK TABLES;

--
-- Table structure for table `resource_sub_categories`
--

DROP TABLE IF EXISTS `resource_sub_categories`;
/*!40101 SET @saved_cs_client     = @@character_set_client */;
/*!40101 SET character_set_client = utf8 */;
CREATE TABLE `resource_sub_categories` (
  `id` bigint(20) unsigned NOT NULL AUTO_INCREMENT,
  `name` varchar(255) COLLATE utf8mb4_unicode_ci NOT NULL,
  `category_id` bigint(20) unsigned NOT NULL,
  `status` enum('0','1') COLLATE utf8mb4_unicode_ci NOT NULL DEFAULT '1' COMMENT '0 => Inactive, 1 => Active',
  `created_at` timestamp NULL DEFAULT NULL,
  `updated_at` timestamp NULL DEFAULT NULL,
  PRIMARY KEY (`id`),
  KEY `resource_sub_categories_category_id_index` (`category_id`),
  CONSTRAINT `resource_sub_categories_category_id_foreign` FOREIGN KEY (`category_id`) REFERENCES `resource_categories` (`id`) ON DELETE CASCADE
) ENGINE=InnoDB AUTO_INCREMENT=7 DEFAULT CHARSET=utf8mb4 COLLATE=utf8mb4_unicode_ci;
/*!40101 SET character_set_client = @saved_cs_client */;

--
-- Dumping data for table `resource_sub_categories`
--

LOCK TABLES `resource_sub_categories` WRITE;
/*!40000 ALTER TABLE `resource_sub_categories` DISABLE KEYS */;
INSERT INTO `resource_sub_categories` VALUES (1,'Resource Sub Category 1',1,'1','2020-05-20 08:34:30','2020-05-20 08:34:30'),(2,'Resource Sub Category 2',1,'1','2020-05-20 08:34:30','2020-05-20 08:34:30'),(3,'Resource Sub Category 3',2,'1','2020-05-20 08:34:30','2020-05-20 08:34:30'),(4,'Resource Sub Category 4',2,'1','2020-05-20 08:34:30','2020-05-20 08:34:30'),(5,'Resource Sub Category 5',3,'1','2020-05-20 08:34:31','2020-05-20 08:34:31'),(6,'Resource Sub Category 6',3,'1','2020-05-20 08:34:31','2020-05-20 08:34:31');
/*!40000 ALTER TABLE `resource_sub_categories` ENABLE KEYS */;
UNLOCK TABLES;

--
-- Table structure for table `resources`
--

DROP TABLE IF EXISTS `resources`;
/*!40101 SET @saved_cs_client     = @@character_set_client */;
/*!40101 SET character_set_client = utf8 */;
CREATE TABLE `resources` (
  `id` bigint(20) unsigned NOT NULL AUTO_INCREMENT,
  `name` varchar(255) COLLATE utf8mb4_unicode_ci NOT NULL,
  `designation` varchar(255) COLLATE utf8mb4_unicode_ci DEFAULT NULL,
  `picture` varchar(255) COLLATE utf8mb4_unicode_ci DEFAULT NULL,
  `authority` bigint(20) unsigned DEFAULT NULL,
  `category_id` bigint(20) unsigned NOT NULL,
  `sub_category_id` bigint(20) unsigned NOT NULL,
  `phrases` text COLLATE utf8mb4_unicode_ci,
  `max_unit_of_service` int(11) DEFAULT NULL,
  `current_unit` int(11) DEFAULT NULL,
  `provision` varchar(255) COLLATE utf8mb4_unicode_ci DEFAULT NULL,
  `refresh_time` varchar(255) COLLATE utf8mb4_unicode_ci DEFAULT NULL,
  `contact_no` varchar(255) COLLATE utf8mb4_unicode_ci DEFAULT NULL,
  `address` text COLLATE utf8mb4_unicode_ci,
  `email` varchar(255) COLLATE utf8mb4_unicode_ci DEFAULT NULL,
  `website` varchar(255) COLLATE utf8mb4_unicode_ci DEFAULT NULL,
  `created_by` bigint(20) unsigned NOT NULL,
  `last_updated_by` bigint(20) unsigned DEFAULT NULL,
  `status` enum('0','1') COLLATE utf8mb4_unicode_ci NOT NULL DEFAULT '1' COMMENT '0 => Inactive, 1 => Active',
  `created_at` timestamp NULL DEFAULT NULL,
  `updated_at` timestamp NULL DEFAULT NULL,
  PRIMARY KEY (`id`),
  KEY `resources_authority_index` (`authority`),
  KEY `resources_category_id_index` (`category_id`),
  KEY `resources_sub_category_id_index` (`sub_category_id`),
  KEY `resources_created_by_index` (`created_by`),
  KEY `resources_last_updated_by_index` (`last_updated_by`),
  CONSTRAINT `resources_authority_foreign` FOREIGN KEY (`authority`) REFERENCES `resource_authority_levels` (`id`) ON DELETE CASCADE,
  CONSTRAINT `resources_category_id_foreign` FOREIGN KEY (`category_id`) REFERENCES `resource_categories` (`id`) ON DELETE CASCADE,
  CONSTRAINT `resources_created_by_foreign` FOREIGN KEY (`created_by`) REFERENCES `users` (`id`) ON DELETE CASCADE,
  CONSTRAINT `resources_last_updated_by_foreign` FOREIGN KEY (`last_updated_by`) REFERENCES `users` (`id`) ON DELETE CASCADE,
  CONSTRAINT `resources_sub_category_id_foreign` FOREIGN KEY (`sub_category_id`) REFERENCES `resource_sub_categories` (`id`) ON DELETE CASCADE
) ENGINE=InnoDB AUTO_INCREMENT=7 DEFAULT CHARSET=utf8mb4 COLLATE=utf8mb4_unicode_ci;
/*!40101 SET character_set_client = @saved_cs_client */;

--
-- Dumping data for table `resources`
--

LOCK TABLES `resources` WRITE;
/*!40000 ALTER TABLE `resources` DISABLE KEYS */;
INSERT INTO `resources` VALUES (1,'Rohit Sharma','D1','1590153322.jpg',1,1,1,'phr',20,NULL,'RP','Monthly','9292929292','Ashok Vihar, Sector 4','rohit@test.com',NULL,1,1,'1','2020-05-22 07:45:22','2020-06-03 01:46:20'),(2,'Alberta Police','Police Info','1591286041.png',1,1,1,'crime, safety, incident',200,NULL,'enforcement response','Daily','403-555-5555','123 police ave.','police@gmail.com','http://www.google.in',1,1,'1','2020-06-04 10:24:01','2020-06-17 04:56:17'),(3,'G Police','D1','1592047275.jpg',1,1,1,'phr',20,NULL,'RP','Monthly','9797979797','sector 49, Sohna Road','gp@test.com','http://www.gurgaonpolice.com',1,1,'1','2020-06-13 05:51:15','2020-06-30 09:25:04'),(4,'John Smith','Principal','1592412638.jpeg',1,3,5,NULL,NULL,NULL,NULL,NULL,'9999999999',NULL,'john@john.com','http://www.johnsmith.com',4,NULL,'1','2020-06-17 11:20:38','2020-06-17 11:20:38'),(5,'MMIW','Advocacy Group','1592412777.jpg',1,3,5,'MMIW MMIWG',100,NULL,'Advocacy Counselling','Weekly','14035555555',NULL,'hello@mmiw.ca',NULL,1,NULL,'1','2020-06-17 11:22:57','2020-06-17 11:22:57'),(6,'MMIW','Advocacy Group','1592412779.jpg',1,3,5,'MMIW MMIWG',100,NULL,'Advocacy Counselling','Weekly','14035555555',NULL,'hello@mmiw.ca',NULL,1,NULL,'1','2020-06-17 11:22:59','2020-06-17 11:22:59');
/*!40000 ALTER TABLE `resources` ENABLE KEYS */;
UNLOCK TABLES;

--
-- Table structure for table `role_has_permissions`
--

DROP TABLE IF EXISTS `role_has_permissions`;
/*!40101 SET @saved_cs_client     = @@character_set_client */;
/*!40101 SET character_set_client = utf8 */;
CREATE TABLE `role_has_permissions` (
  `permission_id` bigint(20) unsigned NOT NULL,
  `role_id` bigint(20) unsigned NOT NULL,
  PRIMARY KEY (`permission_id`,`role_id`),
  KEY `role_has_permissions_role_id_foreign` (`role_id`),
  CONSTRAINT `role_has_permissions_permission_id_foreign` FOREIGN KEY (`permission_id`) REFERENCES `permissions` (`id`) ON DELETE CASCADE,
  CONSTRAINT `role_has_permissions_role_id_foreign` FOREIGN KEY (`role_id`) REFERENCES `roles` (`id`) ON DELETE CASCADE
) ENGINE=InnoDB DEFAULT CHARSET=utf8mb4 COLLATE=utf8mb4_unicode_ci;
/*!40101 SET character_set_client = @saved_cs_client */;

--
-- Dumping data for table `role_has_permissions`
--

LOCK TABLES `role_has_permissions` WRITE;
/*!40000 ALTER TABLE `role_has_permissions` DISABLE KEYS */;
INSERT INTO `role_has_permissions` VALUES (1,1),(2,1),(3,1),(4,1),(5,1),(6,1),(7,1),(8,1),(9,1),(10,1),(11,1),(12,1),(13,1),(14,1),(15,1),(16,1),(17,1),(18,1),(19,1),(20,1),(21,1),(22,1),(23,1),(24,1),(25,1),(26,1),(9,2),(10,2),(11,2),(12,2),(13,2),(14,2),(15,2),(16,2),(17,2),(18,2),(19,2),(20,2),(21,2),(22,2),(23,2),(24,2),(25,2);
/*!40000 ALTER TABLE `role_has_permissions` ENABLE KEYS */;
UNLOCK TABLES;

--
-- Table structure for table `roles`
--

DROP TABLE IF EXISTS `roles`;
/*!40101 SET @saved_cs_client     = @@character_set_client */;
/*!40101 SET character_set_client = utf8 */;
CREATE TABLE `roles` (
  `id` bigint(20) unsigned NOT NULL AUTO_INCREMENT,
  `name` varchar(255) COLLATE utf8mb4_unicode_ci NOT NULL,
  `guard_name` varchar(255) COLLATE utf8mb4_unicode_ci NOT NULL,
  `created_at` timestamp NULL DEFAULT NULL,
  `updated_at` timestamp NULL DEFAULT NULL,
  PRIMARY KEY (`id`)
) ENGINE=InnoDB AUTO_INCREMENT=3 DEFAULT CHARSET=utf8mb4 COLLATE=utf8mb4_unicode_ci;
/*!40101 SET character_set_client = @saved_cs_client */;

--
-- Dumping data for table `roles`
--

LOCK TABLES `roles` WRITE;
/*!40000 ALTER TABLE `roles` DISABLE KEYS */;
INSERT INTO `roles` VALUES (1,'SuperAdmin','web','2020-05-26 08:16:05','2020-05-26 08:16:05'),(2,'Admin','web','2020-06-02 23:23:53','2020-06-02 23:23:53');
/*!40000 ALTER TABLE `roles` ENABLE KEYS */;
UNLOCK TABLES;

--
-- Table structure for table `sender_reports`
--

DROP TABLE IF EXISTS `sender_reports`;
/*!40101 SET @saved_cs_client     = @@character_set_client */;
/*!40101 SET character_set_client = utf8 */;
CREATE TABLE `sender_reports` (
  `id` bigint(20) unsigned NOT NULL AUTO_INCREMENT,
  `sender_id` varchar(100) COLLATE utf8mb4_unicode_ci NOT NULL,
  `info_type` varchar(255) COLLATE utf8mb4_unicode_ci NOT NULL,
  `info_report` varchar(255) COLLATE utf8mb4_unicode_ci DEFAULT NULL,
  `info_image` varchar(255) COLLATE utf8mb4_unicode_ci DEFAULT NULL,
  `category` varchar(255) COLLATE utf8mb4_unicode_ci NOT NULL,
  `sub_category` varchar(255) COLLATE utf8mb4_unicode_ci NOT NULL,
  `app_id` bigint(20) unsigned NOT NULL,
  `created_at` timestamp NULL DEFAULT NULL,
  `updated_at` timestamp NULL DEFAULT NULL,
  PRIMARY KEY (`id`),
  KEY `sender_reports_sender_id_index` (`sender_id`),
  KEY `sender_reports_app_id_index` (`app_id`)
) ENGINE=InnoDB AUTO_INCREMENT=19 DEFAULT CHARSET=utf8mb4 COLLATE=utf8mb4_unicode_ci;
/*!40101 SET character_set_client = @saved_cs_client */;

--
-- Dumping data for table `sender_reports`
--

LOCK TABLES `sender_reports` WRITE;
/*!40000 ALTER TABLE `sender_reports` DISABLE KEYS */;
INSERT INTO `sender_reports` VALUES (1,'ram','text','hiiiiii',NULL,'cat','sub cat',1,'2020-06-22 10:14:29','2020-06-22 10:14:29'),(2,'Gaurav','text','hiiiiii',NULL,'cat','sub cat',1,'2020-06-23 01:41:41','2020-06-23 01:41:41'),(3,'joharx','text','this is a written report',NULL,'crime','robbery',1,'2020-06-23 02:27:05','2020-06-23 02:27:05'),(4,'adit','text','this is a text report',NULL,'crime','covid',1,'2020-06-26 04:29:04','2020-06-26 04:29:04'),(5,'aditya','text','this is a report',NULL,'health','covid',1,'2020-06-30 02:17:53','2020-06-30 02:17:53'),(6,'adityax','text','this is a report',NULL,'health','covid',1,'2020-06-30 02:21:28','2020-06-30 02:21:28'),(7,'adityajo','text','this is a report',NULL,'health','covid',1,'2020-06-30 02:27:46','2020-06-30 02:27:46'),(8,'adityajohar','text','this is a text report',NULL,'crime','robbery',1,'2020-06-30 03:52:55','2020-06-30 03:52:55'),(9,'aditya','text','this is a text report',NULL,'crime','robbery',1,'2020-06-30 03:56:45','2020-06-30 03:56:45'),(10,'adi','text','this is a text report',NULL,'crime','robbery',1,'2020-06-30 04:09:53','2020-06-30 04:09:53'),(11,'adit','text','this is a text report',NULL,'crime','robbery',1,'2020-06-30 04:19:26','2020-06-30 04:19:26'),(12,'daaman','text','this is a text report',NULL,'crime','robbery',1,'2020-06-30 04:21:13','2020-06-30 04:21:13'),(13,'tester2','text','this is a crime report',NULL,'crime','robbery',1,'2020-06-30 09:28:30','2020-06-30 09:28:30'),(14,'joharaditya','text','i was walking past st.johns ave and i saw a black car being broken into',NULL,'crime','theft',1,'2020-06-30 10:30:00','2020-06-30 10:30:00'),(15,'johar','text','this is the written report that the user shares with us',NULL,'crime','robbery',1,'2020-07-06 11:47:01','2020-07-06 11:47:01'),(16,'joharadi','text','text',NULL,'crime','theft',1,'2020-07-06 11:57:44','2020-07-06 11:57:44'),(17,'send','text','text',NULL,'product','xbox',1,'2020-07-10 00:04:13','2020-07-10 00:04:13'),(18,'aditya','text','text',NULL,'product','xbox',1,'2020-07-10 05:51:59','2020-07-10 05:51:59');
/*!40000 ALTER TABLE `sender_reports` ENABLE KEYS */;
UNLOCK TABLES;

--
-- Table structure for table `users`
--

DROP TABLE IF EXISTS `users`;
/*!40101 SET @saved_cs_client     = @@character_set_client */;
/*!40101 SET character_set_client = utf8 */;
CREATE TABLE `users` (
  `id` bigint(20) unsigned NOT NULL AUTO_INCREMENT,
  `name` varchar(255) COLLATE utf8mb4_unicode_ci NOT NULL,
  `email` varchar(255) COLLATE utf8mb4_unicode_ci NOT NULL,
  `email_verified_at` timestamp NULL DEFAULT NULL,
  `password` varchar(255) COLLATE utf8mb4_unicode_ci NOT NULL,
  `remember_token` varchar(100) COLLATE utf8mb4_unicode_ci DEFAULT NULL,
  `picture` varchar(255) COLLATE utf8mb4_unicode_ci DEFAULT NULL,
  `created_by` bigint(20) unsigned NOT NULL,
  `last_updated_by` bigint(20) unsigned DEFAULT NULL,
  `status` enum('0','1') COLLATE utf8mb4_unicode_ci NOT NULL DEFAULT '1' COMMENT '0 => Inactive, 1 => Active',
  `created_at` timestamp NULL DEFAULT NULL,
  `updated_at` timestamp NULL DEFAULT NULL,
  PRIMARY KEY (`id`),
  UNIQUE KEY `users_email_unique` (`email`),
  KEY `users_created_by_index` (`created_by`),
  KEY `users_last_updated_by_index` (`last_updated_by`)
) ENGINE=InnoDB AUTO_INCREMENT=5 DEFAULT CHARSET=utf8mb4 COLLATE=utf8mb4_unicode_ci;
/*!40101 SET character_set_client = @saved_cs_client */;

--
-- Dumping data for table `users`
--

LOCK TABLES `users` WRITE;
/*!40000 ALTER TABLE `users` DISABLE KEYS */;
INSERT INTO `users` VALUES (1,'Super Admin','superadmin@intelli.com',NULL,'$2y$10$i8uCJeBa1Tf2Ut8JZi8Adunf5v/8PKBhNkeUuftYdTOjHHpXc6ZB2',NULL,'1593668093.png',1,1,'1','2020-04-30 18:30:00','2020-07-02 00:04:53'),(4,'Admin','admin@intelli.com',NULL,'$2y$10$Qq/541dRSJGBGpDZfozbdOErjHTxOvDCikm4Tc9z5NaQTXh9/ime.',NULL,'1591167864.png',1,NULL,'1','2020-06-03 01:34:24','2020-06-03 01:34:24');
/*!40000 ALTER TABLE `users` ENABLE KEYS */;
UNLOCK TABLES;
/*!40103 SET TIME_ZONE=@OLD_TIME_ZONE */;

/*!40101 SET SQL_MODE=@OLD_SQL_MODE */;
/*!40014 SET FOREIGN_KEY_CHECKS=@OLD_FOREIGN_KEY_CHECKS */;
/*!40014 SET UNIQUE_CHECKS=@OLD_UNIQUE_CHECKS */;
/*!40101 SET CHARACTER_SET_CLIENT=@OLD_CHARACTER_SET_CLIENT */;
/*!40101 SET CHARACTER_SET_RESULTS=@OLD_CHARACTER_SET_RESULTS */;
/*!40101 SET COLLATION_CONNECTION=@OLD_COLLATION_CONNECTION */;
/*!40111 SET SQL_NOTES=@OLD_SQL_NOTES */;

-- Dump completed on 2020-07-13 11:48:05
